number_of_match,team_home,team_away,score_home,score_away,posession_home,posession_away,total_shots_home,total_shots_away,shots_on_target_home,shots_on_target_away,shots_off_target_home,shots_off_target_away,blocked_shots_home,blocked_shots_away,corner_kicks_home,corner_kicks_away,fouls_home,fouls_away,red_cards_home,red_cards_away,free_kicks_home,free_kicks_away,goal_kicks_home,goal_kicks_away,shots_inside_box_home,shots_inside_box_away,shots_outside_box_home,shots_outside_box_away,passes_home,passes_away,accurate_passes_home,accurate_passes_away,long_balls_home,long_balls_away,crosses_home,crosses_away,dribbles_home,dribbles_away,duels_won_home,duels_won_away,aerials_won_home,aerials_won_away,tackles_home,tackles_away,interceptions_home,interceptions_away,last_season_position_home,last_season_position_away,ELO_home,ELO_away
0,Liverpool,Norwich City,4.0,1.0,57.0,43.0,15.0,12.0,7.0,5.0,5.0,5.0,3.0,2.0,11.0,2.0,9.0,9.0,0.0,0.0,9.0,9.0,6.0,15.0,11.0,8.0,4.0,4.0,477.0,363.0,387.0,278.0,27.0,19.0,5.0,1.0,11.0,10.0,56.0,38.0,15.0,7.0,21.0,12.0,14.0,11.0,2,18,2050,1635
36,West Ham,Norwich City,2.0,0.0,48.0,52.0,18.0,8.0,8.0,3.0,7.0,3.0,3.0,2.0,8.0,2.0,16.0,10.0,0.0,0.0,10.0,15.0,7.0,6.0,14.0,5.0,4.0,3.0,474.0,500.0,395.0,433.0,33.0,18.0,6.0,3.0,22.0,19.0,77.0,56.0,17.0,8.0,29.0,14.0,11.0,7.0,10,18,1733,1635
82,Bournemouth,Norwich City,0.0,0.0,47.0,53.0,11.0,10.0,2.0,1.0,6.0,6.0,3.0,3.0,6.0,7.0,8.0,11.0,0.0,0.0,11.0,8.0,6.0,11.0,5.0,3.0,6.0,7.0,407.0,469.0,326.0,378.0,33.0,34.0,6.0,3.0,8.0,10.0,53.0,56.0,18.0,25.0,16.0,14.0,10.0,9.0,14,18,1695,1635
52,Burnley,Norwich City,2.0,0.0,41.0,59.0,13.0,11.0,6.0,2.0,2.0,6.0,5.0,3.0,7.0,3.0,11.0,10.0,0.0,0.0,9.0,11.0,7.0,7.0,8.0,5.0,5.0,6.0,357.0,528.0,272.0,437.0,24.0,21.0,9.0,1.0,7.0,10.0,43.0,53.0,13.0,13.0,14.0,19.0,10.0,5.0,15,18,1686,1635
64,Crystal Palace,Norwich City,2.0,0.0,44.0,56.0,15.0,10.0,3.0,3.0,6.0,2.0,6.0,5.0,5.0,5.0,14.0,10.0,0.0,0.0,10.0,14.0,7.0,8.0,12.0,7.0,3.0,3.0,415.0,524.0,333.0,438.0,25.0,25.0,5.0,3.0,11.0,11.0,54.0,53.0,15.0,11.0,18.0,17.0,8.0,13.0,12,18,1747,1635
335,Watford,Norwich City,2.0,1.0,44.0,56.0,9.0,12.0,4.0,3.0,5.0,6.0,0.0,3.0,4.0,3.0,11.0,15.0,0.0,0.0,15.0,11.0,9.0,8.0,7.0,8.0,2.0,4.0,375.0,504.0,275.0,417.0,24.0,23.0,5.0,2.0,5.0,16.0,70.0,58.0,30.0,13.0,21.0,19.0,14.0,11.0,11,18,1689,1635
238,Tottenham,Norwich City,2.0,1.0,50.0,50.0,14.0,13.0,3.0,2.0,5.0,7.0,6.0,4.0,7.0,3.0,12.0,7.0,0.0,0.0,6.0,12.0,11.0,10.0,10.0,8.0,4.0,5.0,479.0,475.0,384.0,375.0,30.0,27.0,3.0,4.0,12.0,13.0,51.0,64.0,22.0,15.0,11.0,24.0,12.0,12.0,4,18,1895,1635
245,Newcastle United,Norwich City,0.0,0.0,43.0,57.0,15.0,19.0,5.0,4.0,4.0,9.0,6.0,6.0,8.0,12.0,10.0,15.0,0.0,0.0,15.0,10.0,10.0,7.0,7.0,13.0,8.0,6.0,365.0,485.0,291.0,393.0,26.0,19.0,5.0,6.0,9.0,12.0,61.0,57.0,22.0,25.0,15.0,10.0,16.0,10.0,13,18,1720,1635
216,Manchester United,Norwich City,4.0,0.0,60.0,40.0,13.0,8.0,6.0,3.0,4.0,2.0,3.0,3.0,4.0,2.0,18.0,7.0,0.0,0.0,7.0,17.0,3.0,7.0,9.0,1.0,4.0,7.0,646.0,440.0,554.0,347.0,39.0,17.0,3.0,1.0,17.0,19.0,55.0,64.0,10.0,6.0,21.0,22.0,14.0,13.0,6,18,1842,1635
318,Arsenal,Norwich City,4.0,0.0,52.0,48.0,13.0,8.0,8.0,2.0,4.0,3.0,1.0,3.0,6.0,2.0,10.0,10.0,0.0,0.0,10.0,10.0,6.0,10.0,8.0,0.0,5.0,8.0,468.0,445.0,400.0,354.0,21.0,19.0,4.0,0.0,7.0,9.0,47.0,45.0,19.0,7.0,12.0,19.0,13.0,4.0,5,18,1871,1635
182,Aston Villa,Norwich City,1.0,0.0,42.0,58.0,11.0,16.0,2.0,6.0,5.0,6.0,4.0,4.0,5.0,8.0,15.0,12.0,0.0,0.0,12.0,15.0,10.0,8.0,8.0,13.0,3.0,3.0,363.0,508.0,271.0,424.0,19.0,32.0,5.0,8.0,9.0,11.0,64.0,49.0,25.0,16.0,19.0,7.0,6.0,8.0,18,18,1616,1635
103,Brighton,Norwich City,2.0,0.0,58.0,42.0,21.0,7.0,5.0,0.0,12.0,4.0,4.0,3.0,8.0,3.0,11.0,8.0,0.0,0.0,8.0,11.0,4.0,15.0,15.0,5.0,6.0,2.0,538.0,391.0,452.0,307.0,28.0,15.0,9.0,3.0,20.0,17.0,61.0,47.0,14.0,6.0,19.0,13.0,13.0,13.0,17,18,1620,1635
125,Everton,Norwich City,0.0,2.0,57.0,43.0,18.0,13.0,7.0,5.0,7.0,3.0,4.0,5.0,7.0,7.0,12.0,11.0,0.0,0.0,11.0,11.0,5.0,11.0,12.0,12.0,6.0,1.0,401.0,307.0,305.0,218.0,36.0,29.0,9.0,4.0,4.0,10.0,58.0,61.0,23.0,24.0,20.0,18.0,5.0,9.0,8,18,1774,1635
145,Southampton,Norwich City,2.0,1.0,40.0,60.0,14.0,10.0,5.0,3.0,5.0,5.0,4.0,2.0,6.0,1.0,12.0,7.0,0.0,0.0,7.0,12.0,5.0,5.0,9.0,6.0,5.0,4.0,366.0,562.0,252.0,446.0,28.0,28.0,6.0,3.0,11.0,11.0,71.0,61.0,27.0,28.0,27.0,12.0,13.0,12.0,16,18,1678,1635
380,Manchester City,Norwich City,5.0,0.0,73.0,27.0,31.0,5.0,10.0,4.0,12.0,1.0,9.0,0.0,9.0,0.0,7.0,4.0,0.0,0.0,4.0,6.0,4.0,23.0,24.0,2.0,7.0,3.0,722.0,268.0,661.0,192.0,35.0,26.0,6.0,0.0,19.0,4.0,44.0,31.0,9.0,7.0,12.0,14.0,10.0,14.0,1,18,2041,1635
287,Sheffield United,Norwich City,1.0,0.0,42.0,58.0,10.0,12.0,4.0,5.0,4.0,4.0,2.0,3.0,10.0,5.0,12.0,8.0,0.0,0.0,7.0,12.0,9.0,5.0,9.0,8.0,1.0,4.0,359.0,519.0,267.0,422.0,27.0,29.0,4.0,4.0,12.0,10.0,53.0,63.0,20.0,23.0,14.0,18.0,13.0,8.0,18,18,1624,1635
354,Chelsea,Norwich City,1.0,0.0,68.0,32.0,22.0,2.0,6.0,0.0,12.0,0.0,4.0,2.0,8.0,1.0,10.0,9.0,0.0,0.0,9.0,9.0,2.0,16.0,18.0,1.0,4.0,1.0,772.0,374.0,689.0,287.0,54.0,16.0,17.0,1.0,12.0,12.0,49.0,51.0,20.0,15.0,8.0,15.0,16.0,13.0,3,18,1887,1635
269,Wolverhampton,Norwich City,3.0,0.0,40.0,60.0,19.0,6.0,6.0,4.0,9.0,1.0,4.0,1.0,4.0,1.0,11.0,6.0,0.0,0.0,6.0,11.0,6.0,6.0,13.0,3.0,6.0,3.0,378.0,588.0,292.0,499.0,31.0,24.0,5.0,0.0,9.0,10.0,59.0,44.0,12.0,7.0,32.0,16.0,17.0,8.0,7,18,1724,1635
163,Leicester City,Norwich City,1.0,1.0,56.0,44.0,18.0,10.0,5.0,3.0,8.0,3.0,5.0,4.0,12.0,4.0,11.0,15.0,0.0,0.0,12.0,11.0,4.0,12.0,10.0,6.0,8.0,4.0,513.0,397.0,431.0,313.0,27.0,31.0,9.0,3.0,13.0,10.0,59.0,53.0,13.0,16.0,21.0,17.0,13.0,14.0,9,18,1743,1635
26,Liverpool,Arsenal,3.0,1.0,52.0,48.0,25.0,9.0,5.0,3.0,6.0,4.0,14.0,2.0,6.0,4.0,8.0,5.0,0.0,0.0,4.0,7.0,10.0,10.0,17.0,4.0,8.0,5.0,553.0,516.0,474.0,447.0,31.0,22.0,7.0,2.0,9.0,14.0,45.0,48.0,7.0,11.0,25.0,16.0,9.0,7.0,2,5,2050,1871
159,West Ham,Arsenal,1.0,3.0,35.0,65.0,11.0,10.0,4.0,3.0,4.0,3.0,3.0,4.0,4.0,3.0,12.0,6.0,0.0,0.0,6.0,12.0,3.0,8.0,6.0,7.0,5.0,3.0,365.0,675.0,288.0,584.0,26.0,30.0,3.0,2.0,7.0,12.0,52.0,54.0,13.0,18.0,27.0,12.0,17.0,9.0,10,5,1733,1871
183,Bournemouth,Arsenal,1.0,1.0,40.0,60.0,12.0,17.0,4.0,2.0,5.0,6.0,3.0,9.0,8.0,3.0,5.0,13.0,0.0,0.0,12.0,5.0,11.0,7.0,9.0,11.0,3.0,6.0,383.0,599.0,305.0,520.0,20.0,26.0,1.0,5.0,9.0,8.0,51.0,35.0,14.0,12.0,16.0,10.0,7.0,13.0,14,5,1695,1871
249,Burnley,Arsenal,0.0,0.0,43.0,57.0,15.0,13.0,2.0,2.0,10.0,6.0,3.0,5.0,5.0,7.0,8.0,11.0,0.0,0.0,11.0,8.0,8.0,12.0,11.0,9.0,4.0,4.0,324.0,462.0,245.0,372.0,23.0,25.0,12.0,4.0,7.0,11.0,60.0,54.0,22.0,18.0,20.0,17.0,7.0,8.0,15,5,1686,1871
212,Crystal Palace,Arsenal,1.0,1.0,43.0,57.0,6.0,7.0,3.0,4.0,2.0,2.0,1.0,1.0,1.0,4.0,14.0,22.0,0.0,1.0,22.0,14.0,4.0,10.0,4.0,6.0,2.0,1.0,362.0,487.0,258.0,381.0,24.0,38.0,2.0,1.0,8.0,7.0,68.0,49.0,13.0,11.0,25.0,17.0,14.0,9.0,12,5,1747,1871
48,Watford,Arsenal,2.0,2.0,52.0,48.0,31.0,7.0,10.0,4.0,15.0,2.0,6.0,1.0,7.0,1.0,14.0,4.0,0.0,0.0,4.0,12.0,6.0,16.0,16.0,4.0,15.0,3.0,499.0,466.0,442.0,386.0,22.0,16.0,5.0,0.0,16.0,13.0,45.0,42.0,8.0,4.0,17.0,13.0,10.0,11.0,11,5,1689,1871
351,Tottenham,Arsenal,2.0,1.0,37.0,63.0,15.0,13.0,9.0,4.0,1.0,6.0,5.0,3.0,6.0,5.0,16.0,11.0,0.0,0.0,11.0,16.0,10.0,4.0,9.0,8.0,6.0,5.0,378.0,636.0,306.0,566.0,33.0,20.0,1.0,0.0,10.0,15.0,60.0,55.0,17.0,12.0,22.0,12.0,5.0,6.0,4,5,1895,1871
8,Newcastle United,Arsenal,0.0,1.0,38.0,62.0,9.0,8.0,2.0,2.0,4.0,4.0,3.0,2.0,5.0,3.0,12.0,7.0,0.0,0.0,7.0,11.0,8.0,8.0,4.0,7.0,5.0,1.0,378.0,616.0,287.0,523.0,27.0,25.0,1.0,1.0,11.0,12.0,65.0,48.0,21.0,14.0,26.0,11.0,20.0,6.0,13,5,1720,1871
69,Manchester United,Arsenal,1.0,1.0,55.0,45.0,16.0,10.0,4.0,5.0,6.0,3.0,6.0,2.0,8.0,7.0,18.0,13.0,0.0,0.0,12.0,17.0,8.0,11.0,4.0,7.0,12.0,3.0,440.0,364.0,350.0,283.0,29.0,29.0,4.0,4.0,8.0,8.0,45.0,54.0,10.0,11.0,15.0,19.0,11.0,8.0,6,5,1842,1871
371,Aston Villa,Arsenal,1.0,0.0,31.0,69.0,8.0,7.0,3.0,0.0,4.0,4.0,1.0,3.0,8.0,9.0,13.0,19.0,0.0,0.0,19.0,13.0,6.0,5.0,6.0,5.0,2.0,2.0,264.0,606.0,200.0,536.0,33.0,29.0,4.0,2.0,7.0,4.0,57.0,35.0,15.0,16.0,16.0,3.0,10.0,5.0,18,5,1616,1871
297,Brighton,Arsenal,2.0,1.0,41.0,59.0,9.0,13.0,5.0,6.0,2.0,3.0,2.0,4.0,10.0,7.0,13.0,8.0,0.0,0.0,8.0,13.0,5.0,5.0,7.0,9.0,2.0,4.0,325.0,476.0,261.0,423.0,11.0,21.0,3.0,3.0,6.0,8.0,43.0,39.0,7.0,11.0,22.0,8.0,8.0,4.0,17,5,1620,1871
170,Everton,Arsenal,0.0,0.0,43.0,57.0,9.0,6.0,0.0,2.0,5.0,4.0,4.0,0.0,5.0,4.0,10.0,11.0,0.0,0.0,10.0,10.0,6.0,11.0,5.0,5.0,4.0,1.0,353.0,484.0,280.0,403.0,35.0,35.0,3.0,3.0,12.0,13.0,52.0,53.0,15.0,18.0,15.0,14.0,17.0,6.0,8,5,1774,1871
312,Southampton,Arsenal,0.0,2.0,53.0,47.0,12.0,10.0,3.0,5.0,7.0,3.0,2.0,2.0,4.0,6.0,10.0,14.0,1.0,0.0,14.0,10.0,3.0,10.0,8.0,6.0,4.0,4.0,435.0,398.0,345.0,304.0,29.0,22.0,5.0,2.0,9.0,8.0,53.0,44.0,13.0,16.0,17.0,10.0,12.0,15.0,16,5,1678,1871
283,Manchester City,Arsenal,3.0,0.0,67.0,33.0,20.0,3.0,12.0,0.0,5.0,3.0,3.0,0.0,5.0,2.0,9.0,7.0,0.0,1.0,7.0,9.0,5.0,8.0,15.0,2.0,5.0,1.0,692.0,333.0,639.0,279.0,35.0,7.0,3.0,1.0,13.0,3.0,33.0,29.0,6.0,2.0,7.0,15.0,13.0,8.0,1,5,2041,1871
89,Sheffield United,Arsenal,1.0,0.0,31.0,69.0,8.0,9.0,2.0,3.0,5.0,4.0,1.0,2.0,7.0,12.0,10.0,12.0,0.0,0.0,11.0,8.0,5.0,7.0,5.0,5.0,3.0,4.0,287.0,633.0,205.0,548.0,24.0,44.0,5.0,6.0,3.0,20.0,62.0,59.0,28.0,15.0,21.0,17.0,13.0,5.0,18,5,1624,1871
236,Chelsea,Arsenal,2.0,2.0,59.0,41.0,19.0,2.0,8.0,2.0,5.0,0.0,6.0,0.0,17.0,5.0,11.0,6.0,0.0,1.0,6.0,11.0,1.0,9.0,15.0,1.0,4.0,1.0,546.0,385.0,479.0,301.0,28.0,27.0,10.0,0.0,11.0,9.0,56.0,54.0,21.0,13.0,18.0,21.0,10.0,5.0,3,5,1887,1871
327,Wolverhampton,Arsenal,0.0,2.0,52.0,48.0,10.0,8.0,1.0,5.0,5.0,1.0,4.0,2.0,3.0,5.0,6.0,11.0,0.0,0.0,11.0,6.0,4.0,9.0,6.0,6.0,4.0,2.0,516.0,482.0,441.0,397.0,45.0,24.0,5.0,3.0,6.0,8.0,47.0,56.0,17.0,13.0,13.0,29.0,8.0,11.0,7,5,1724,1871
116,Leicester City,Arsenal,2.0,0.0,50.0,50.0,19.0,8.0,7.0,1.0,9.0,4.0,3.0,3.0,5.0,4.0,10.0,10.0,0.0,0.0,10.0,10.0,5.0,11.0,9.0,5.0,10.0,3.0,486.0,478.0,426.0,401.0,10.0,23.0,7.0,2.0,9.0,10.0,46.0,42.0,9.0,4.0,19.0,18.0,11.0,7.0,9,5,1743,1871
136,Norwich City,Arsenal,2.0,2.0,39.0,61.0,15.0,16.0,8.0,7.0,5.0,1.0,2.0,8.0,7.0,12.0,8.0,10.0,0.0,0.0,10.0,7.0,3.0,7.0,10.0,13.0,5.0,3.0,364.0,541.0,293.0,459.0,14.0,34.0,3.0,10.0,13.0,10.0,46.0,48.0,11.0,15.0,12.0,16.0,10.0,9.0,18,5,1635,1871
40,Liverpool,Newcastle United,3.0,1.0,75.0,25.0,21.0,8.0,9.0,1.0,9.0,4.0,3.0,3.0,10.0,1.0,5.0,4.0,0.0,0.0,4.0,5.0,4.0,13.0,18.0,4.0,3.0,4.0,847.0,282.0,764.0,205.0,31.0,19.0,10.0,3.0,10.0,9.0,52.0,47.0,25.0,13.0,13.0,20.0,8.0,11.0,2,13,2050,1720
106,West Ham,Newcastle United,2.0,3.0,69.0,31.0,16.0,12.0,6.0,9.0,6.0,3.0,4.0,0.0,7.0,3.0,10.0,7.0,0.0,0.0,7.0,10.0,3.0,12.0,13.0,7.0,3.0,5.0,583.0,262.0,501.0,176.0,24.0,27.0,8.0,1.0,11.0,16.0,49.0,64.0,18.0,20.0,13.0,18.0,5.0,10.0,10,13,1733,1720
319,Bournemouth,Newcastle United,1.0,4.0,55.0,45.0,12.0,12.0,1.0,7.0,6.0,4.0,5.0,1.0,6.0,3.0,11.0,10.0,0.0,0.0,10.0,11.0,4.0,10.0,4.0,7.0,8.0,5.0,493.0,420.0,410.0,333.0,26.0,36.0,3.0,2.0,11.0,10.0,58.0,59.0,21.0,22.0,16.0,16.0,8.0,16.0,14,13,1695,1720
161,Burnley,Newcastle United,1.0,0.0,48.0,52.0,7.0,9.0,4.0,0.0,2.0,7.0,1.0,2.0,4.0,3.0,15.0,12.0,0.0,0.0,11.0,15.0,10.0,7.0,6.0,4.0,1.0,5.0,369.0,397.0,270.0,291.0,21.0,29.0,3.0,5.0,8.0,11.0,64.0,64.0,32.0,21.0,14.0,17.0,13.0,7.0,15,13,1686,1720
264,Crystal Palace,Newcastle United,1.0,0.0,44.0,56.0,18.0,8.0,9.0,2.0,7.0,3.0,2.0,3.0,7.0,5.0,15.0,11.0,0.0,1.0,10.0,14.0,6.0,11.0,12.0,2.0,6.0,6.0,356.0,447.0,263.0,344.0,27.0,25.0,6.0,5.0,14.0,15.0,68.0,58.0,22.0,13.0,22.0,16.0,17.0,14.0,12,13,1747,1720
345,Watford,Newcastle United,2.0,1.0,48.0,52.0,17.0,8.0,5.0,4.0,5.0,4.0,7.0,0.0,2.0,4.0,23.0,15.0,0.0,0.0,15.0,22.0,3.0,4.0,15.0,5.0,2.0,3.0,316.0,353.0,216.0,257.0,27.0,33.0,4.0,3.0,7.0,8.0,68.0,68.0,35.0,26.0,12.0,13.0,5.0,9.0,11,13,1689,1720
28,Tottenham,Newcastle United,0.0,1.0,80.0,20.0,17.0,8.0,2.0,3.0,8.0,2.0,7.0,3.0,6.0,6.0,10.0,5.0,0.0,0.0,5.0,10.0,4.0,7.0,8.0,7.0,9.0,1.0,763.0,190.0,690.0,142.0,17.0,21.0,6.0,2.0,12.0,3.0,37.0,44.0,10.0,16.0,10.0,15.0,7.0,11.0,4,13,1895,1720
188,Manchester United,Newcastle United,4.0,1.0,73.0,27.0,22.0,7.0,10.0,2.0,7.0,5.0,5.0,0.0,5.0,0.0,10.0,7.0,0.0,0.0,6.0,9.0,7.0,12.0,8.0,5.0,14.0,2.0,815.0,295.0,732.0,213.0,33.0,25.0,4.0,1.0,13.0,10.0,49.0,56.0,14.0,17.0,17.0,20.0,10.0,10.0,6,13,1842,1720
259,Arsenal,Newcastle United,4.0,0.0,68.0,32.0,15.0,10.0,7.0,2.0,6.0,5.0,2.0,3.0,5.0,6.0,15.0,9.0,0.0,0.0,9.0,15.0,3.0,13.0,10.0,5.0,5.0,5.0,643.0,295.0,585.0,239.0,24.0,22.0,3.0,4.0,12.0,13.0,49.0,61.0,16.0,16.0,12.0,18.0,10.0,10.0,5,13,1871,1720
129,Aston Villa,Newcastle United,2.0,0.0,62.0,38.0,17.0,11.0,8.0,5.0,6.0,3.0,3.0,3.0,11.0,6.0,10.0,9.0,0.0,0.0,9.0,10.0,5.0,10.0,12.0,5.0,5.0,6.0,490.0,296.0,425.0,232.0,33.0,32.0,3.0,3.0,8.0,13.0,50.0,57.0,18.0,22.0,15.0,15.0,6.0,9.0,18,13,1616,1720
367,Brighton,Newcastle United,0.0,0.0,63.0,37.0,11.0,12.0,3.0,1.0,5.0,4.0,3.0,7.0,9.0,7.0,13.0,12.0,0.0,0.0,12.0,13.0,7.0,6.0,8.0,9.0,3.0,3.0,542.0,315.0,477.0,241.0,20.0,34.0,5.0,6.0,6.0,10.0,44.0,52.0,15.0,14.0,12.0,15.0,10.0,12.0,17,13,1620,1720
234,Everton,Newcastle United,2.0,2.0,55.0,45.0,17.0,9.0,8.0,3.0,7.0,3.0,2.0,3.0,6.0,4.0,13.0,10.0,0.0,0.0,10.0,12.0,7.0,5.0,7.0,7.0,10.0,2.0,562.0,462.0,470.0,369.0,39.0,24.0,6.0,2.0,9.0,8.0,61.0,47.0,27.0,18.0,15.0,9.0,11.0,11.0,8,13,1774,1720
288,Southampton,Newcastle United,0.0,1.0,38.0,62.0,6.0,14.0,3.0,7.0,1.0,3.0,2.0,4.0,5.0,8.0,14.0,15.0,1.0,0.0,13.0,13.0,7.0,8.0,4.0,11.0,2.0,3.0,298.0,500.0,205.0,403.0,24.0,27.0,4.0,4.0,11.0,15.0,61.0,56.0,19.0,14.0,19.0,15.0,10.0,7.0,16,13,1678,1720
337,Manchester City,Newcastle United,5.0,0.0,74.0,26.0,23.0,6.0,9.0,1.0,6.0,0.0,8.0,5.0,8.0,1.0,13.0,7.0,0.0,0.0,7.0,11.0,0.0,9.0,16.0,3.0,7.0,3.0,843.0,296.0,788.0,214.0,41.0,20.0,4.0,3.0,14.0,8.0,40.0,39.0,14.0,5.0,5.0,15.0,15.0,11.0,1,13,2041,1720
148,Sheffield United,Newcastle United,0.0,2.0,73.0,27.0,13.0,6.0,6.0,4.0,4.0,1.0,3.0,1.0,8.0,1.0,10.0,6.0,0.0,0.0,6.0,10.0,3.0,10.0,10.0,3.0,3.0,3.0,675.0,253.0,579.0,167.0,35.0,24.0,8.0,2.0,6.0,7.0,50.0,56.0,20.0,26.0,18.0,14.0,2.0,10.0,18,13,1624,1720
83,Chelsea,Newcastle United,1.0,0.0,71.0,29.0,16.0,5.0,8.0,0.0,4.0,4.0,4.0,1.0,11.0,0.0,9.0,12.0,0.0,0.0,12.0,9.0,5.0,11.0,15.0,3.0,1.0,2.0,634.0,258.0,552.0,172.0,29.0,18.0,5.0,5.0,14.0,7.0,71.0,45.0,23.0,18.0,23.0,12.0,8.0,6.0,3,13,1887,1720
217,Wolverhampton,Newcastle United,1.0,1.0,66.0,34.0,9.0,5.0,4.0,1.0,3.0,2.0,2.0,2.0,5.0,2.0,13.0,12.0,0.0,0.0,12.0,12.0,5.0,9.0,5.0,1.0,4.0,4.0,593.0,311.0,505.0,233.0,38.0,23.0,2.0,2.0,13.0,11.0,58.0,52.0,18.0,15.0,16.0,15.0,14.0,7.0,7,13,1724,1720
68,Leicester City,Newcastle United,5.0,0.0,68.0,32.0,13.0,3.0,5.0,0.0,5.0,3.0,3.0,0.0,9.0,0.0,12.0,9.0,0.0,1.0,9.0,11.0,6.0,8.0,9.0,1.0,4.0,2.0,724.0,328.0,645.0,252.0,31.0,15.0,5.0,2.0,6.0,9.0,47.0,49.0,9.0,13.0,24.0,17.0,15.0,12.0,9,13,1743,1720
14,Norwich City,Newcastle United,3.0,1.0,63.0,37.0,15.0,12.0,8.0,4.0,3.0,7.0,4.0,1.0,7.0,5.0,9.0,11.0,0.0,0.0,11.0,9.0,7.0,6.0,12.0,10.0,3.0,2.0,603.0,336.0,529.0,271.0,28.0,28.0,4.0,6.0,11.0,7.0,49.0,38.0,14.0,9.0,14.0,14.0,5.0,11.0,18,13,1635,1720
72,Liverpool,Leicester City,2.0,1.0,50.0,50.0,18.0,2.0,8.0,1.0,6.0,1.0,4.0,0.0,4.0,6.0,9.0,17.0,0.0,0.0,17.0,8.0,1.0,9.0,14.0,1.0,4.0,1.0,494.0,478.0,386.0,355.0,41.0,28.0,5.0,1.0,16.0,13.0,63.0,54.0,11.0,17.0,19.0,16.0,14.0,19.0,2,9,2050,1743
196,West Ham,Leicester City,1.0,2.0,42.0,58.0,14.0,13.0,4.0,8.0,5.0,2.0,5.0,3.0,5.0,5.0,16.0,4.0,0.0,0.0,4.0,16.0,3.0,7.0,11.0,10.0,3.0,3.0,383.0,523.0,271.0,424.0,25.0,21.0,7.0,3.0,20.0,11.0,73.0,52.0,25.0,14.0,24.0,11.0,10.0,16.0,10,9,1733,1743
352,Bournemouth,Leicester City,4.0,1.0,44.0,56.0,9.0,13.0,4.0,5.0,3.0,3.0,2.0,5.0,2.0,6.0,11.0,12.0,0.0,1.0,10.0,11.0,5.0,7.0,7.0,9.0,2.0,4.0,424.0,545.0,306.0,438.0,28.0,33.0,4.0,1.0,12.0,5.0,46.0,56.0,18.0,23.0,6.0,17.0,11.0,15.0,14,9,1695,1743
229,Burnley,Leicester City,2.0,1.0,45.0,55.0,8.0,18.0,5.0,8.0,2.0,6.0,1.0,4.0,4.0,5.0,14.0,8.0,0.0,0.0,7.0,14.0,7.0,7.0,5.0,12.0,3.0,6.0,386.0,492.0,282.0,388.0,26.0,26.0,3.0,5.0,13.0,10.0,68.0,74.0,33.0,27.0,16.0,23.0,12.0,11.0,15,9,1686,1743
108,Crystal Palace,Leicester City,0.0,2.0,44.0,56.0,12.0,14.0,3.0,5.0,5.0,7.0,4.0,2.0,5.0,6.0,15.0,16.0,0.0,0.0,16.0,13.0,5.0,7.0,3.0,11.0,9.0,3.0,334.0,431.0,262.0,353.0,21.0,27.0,1.0,7.0,13.0,6.0,66.0,58.0,19.0,18.0,19.0,22.0,9.0,8.0,12,9,1747,1743
296,Watford,Leicester City,1.0,1.0,32.0,68.0,8.0,15.0,4.0,2.0,3.0,7.0,1.0,6.0,2.0,7.0,15.0,12.0,0.0,0.0,12.0,15.0,12.0,6.0,7.0,5.0,1.0,10.0,254.0,555.0,159.0,452.0,29.0,20.0,4.0,3.0,5.0,5.0,51.0,68.0,22.0,21.0,13.0,27.0,10.0,4.0,11,9,1689,1743
366,Tottenham,Leicester City,3.0,0.0,29.0,71.0,7.0,24.0,3.0,6.0,1.0,8.0,3.0,10.0,4.0,13.0,15.0,10.0,0.0,0.0,10.0,15.0,7.0,3.0,6.0,13.0,1.0,11.0,285.0,697.0,205.0,630.0,27.0,34.0,2.0,10.0,12.0,7.0,53.0,55.0,14.0,22.0,17.0,12.0,7.0,8.0,4,9,1895,1743
203,Newcastle United,Leicester City,0.0,3.0,23.0,77.0,5.0,17.0,2.0,10.0,2.0,5.0,1.0,2.0,4.0,5.0,8.0,12.0,0.0,0.0,12.0,8.0,10.0,1.0,3.0,10.0,2.0,7.0,244.0,833.0,170.0,755.0,17.0,31.0,1.0,2.0,8.0,5.0,45.0,52.0,11.0,22.0,15.0,17.0,10.0,11.0,13,9,1720,1743
42,Manchester United,Leicester City,1.0,0.0,42.0,58.0,10.0,9.0,5.0,3.0,5.0,4.0,0.0,2.0,3.0,9.0,14.0,14.0,0.0,0.0,14.0,14.0,7.0,7.0,4.0,3.0,6.0,6.0,345.0,471.0,258.0,373.0,15.0,37.0,2.0,1.0,13.0,12.0,57.0,72.0,11.0,16.0,19.0,30.0,12.0,10.0,6,9,1842,1743
336,Arsenal,Leicester City,1.0,1.0,38.0,62.0,11.0,13.0,7.0,5.0,2.0,7.0,2.0,1.0,10.0,1.0,10.0,14.0,1.0,0.0,14.0,10.0,2.0,7.0,8.0,8.0,3.0,5.0,323.0,558.0,223.0,460.0,17.0,33.0,3.0,6.0,6.0,4.0,42.0,49.0,17.0,18.0,6.0,17.0,16.0,8.0,5,9,1871,1743
155,Aston Villa,Leicester City,1.0,4.0,40.0,60.0,15.0,23.0,2.0,8.0,9.0,8.0,4.0,7.0,8.0,5.0,21.0,15.0,0.0,0.0,14.0,21.0,10.0,8.0,11.0,21.0,4.0,2.0,306.0,478.0,234.0,411.0,24.0,34.0,9.0,7.0,11.0,9.0,54.0,70.0,15.0,25.0,14.0,17.0,8.0,12.0,18,9,1616,1743
123,Brighton,Leicester City,0.0,2.0,53.0,47.0,7.0,19.0,0.0,9.0,4.0,8.0,3.0,2.0,6.0,7.0,9.0,1.0,0.0,0.0,1.0,8.0,7.0,7.0,5.0,16.0,2.0,3.0,458.0,418.0,385.0,345.0,25.0,19.0,3.0,4.0,7.0,9.0,28.0,45.0,9.0,11.0,11.0,17.0,7.0,12.0,17,9,1620,1743
320,Everton,Leicester City,2.0,1.0,35.0,65.0,7.0,15.0,2.0,3.0,2.0,6.0,3.0,6.0,3.0,5.0,13.0,10.0,0.0,0.0,9.0,13.0,11.0,3.0,5.0,9.0,2.0,6.0,331.0,596.0,244.0,521.0,35.0,27.0,2.0,3.0,13.0,17.0,74.0,65.0,32.0,21.0,20.0,15.0,9.0,6.0,8,9,1774,1743
90,Southampton,Leicester City,0.0,9.0,27.0,73.0,6.0,25.0,3.0,15.0,2.0,5.0,1.0,5.0,2.0,7.0,3.0,12.0,1.0,0.0,11.0,3.0,6.0,7.0,3.0,16.0,3.0,9.0,272.0,709.0,173.0,611.0,16.0,29.0,1.0,6.0,19.0,24.0,60.0,63.0,10.0,10.0,20.0,26.0,17.0,5.0,16,9,1678,1743
177,Manchester City,Leicester City,3.0,1.0,62.0,38.0,23.0,5.0,12.0,2.0,7.0,3.0,4.0,0.0,6.0,0.0,14.0,9.0,0.0,0.0,8.0,13.0,8.0,8.0,17.0,3.0,6.0,2.0,690.0,409.0,620.0,332.0,38.0,24.0,5.0,1.0,10.0,8.0,45.0,46.0,8.0,11.0,19.0,14.0,10.0,11.0,1,9,2041,1743
24,Sheffield United,Leicester City,1.0,2.0,49.0,51.0,7.0,10.0,2.0,2.0,3.0,4.0,2.0,4.0,7.0,4.0,11.0,6.0,0.0,0.0,6.0,11.0,9.0,12.0,4.0,5.0,3.0,5.0,421.0,452.0,316.0,358.0,34.0,22.0,8.0,6.0,11.0,9.0,58.0,54.0,25.0,21.0,16.0,13.0,15.0,11.0,18,9,1624,1743
18,Chelsea,Leicester City,1.0,1.0,50.0,50.0,14.0,12.0,5.0,3.0,7.0,7.0,2.0,2.0,4.0,5.0,9.0,14.0,0.0,0.0,14.0,9.0,9.0,9.0,9.0,6.0,5.0,6.0,454.0,455.0,359.0,352.0,21.0,28.0,7.0,2.0,10.0,13.0,72.0,64.0,23.0,13.0,25.0,29.0,10.0,15.0,3,9,1887,1743
255,Wolverhampton,Leicester City,0.0,0.0,41.0,59.0,15.0,9.0,3.0,3.0,8.0,2.0,4.0,4.0,7.0,0.0,13.0,10.0,0.0,1.0,9.0,12.0,5.0,10.0,11.0,6.0,4.0,3.0,328.0,493.0,243.0,413.0,34.0,13.0,9.0,4.0,18.0,11.0,67.0,62.0,22.0,19.0,18.0,21.0,11.0,14.0,7,9,1724,1743
272,Norwich City,Leicester City,1.0,0.0,43.0,57.0,11.0,19.0,6.0,4.0,1.0,8.0,4.0,7.0,6.0,7.0,13.0,16.0,0.0,0.0,15.0,13.0,13.0,4.0,6.0,11.0,5.0,8.0,344.0,468.0,260.0,389.0,27.0,33.0,6.0,4.0,16.0,9.0,62.0,49.0,9.0,13.0,22.0,15.0,11.0,9.0,18,9,1635,1743
98,Liverpool,Tottenham,2.0,1.0,68.0,32.0,21.0,11.0,13.0,4.0,3.0,5.0,5.0,2.0,8.0,3.0,9.0,11.0,0.0,0.0,11.0,7.0,8.0,8.0,15.0,9.0,6.0,2.0,631.0,298.0,528.0,200.0,36.0,17.0,10.0,4.0,6.0,7.0,59.0,46.0,23.0,16.0,20.0,16.0,12.0,10.0,2,4,2050,1895
120,West Ham,Tottenham,2.0,3.0,47.0,53.0,11.0,15.0,4.0,6.0,4.0,6.0,3.0,3.0,3.0,7.0,12.0,14.0,0.0,0.0,14.0,11.0,4.0,7.0,8.0,10.0,3.0,5.0,407.0,471.0,317.0,380.0,33.0,16.0,6.0,4.0,12.0,11.0,66.0,68.0,22.0,27.0,18.0,19.0,5.0,9.0,10,4,1733,1895
341,Bournemouth,Tottenham,0.0,0.0,36.0,64.0,9.0,9.0,2.0,0.0,3.0,4.0,4.0,5.0,8.0,12.0,11.0,14.0,0.0,0.0,14.0,10.0,10.0,1.0,7.0,5.0,2.0,4.0,271.0,499.0,184.0,405.0,9.0,30.0,3.0,6.0,6.0,4.0,51.0,64.0,16.0,29.0,15.0,21.0,12.0,12.0,14,4,1695,1895
290,Burnley,Tottenham,1.0,1.0,45.0,55.0,21.0,13.0,8.0,2.0,4.0,6.0,9.0,5.0,3.0,5.0,16.0,11.0,0.0,0.0,11.0,15.0,5.0,9.0,13.0,4.0,8.0,9.0,378.0,479.0,280.0,356.0,23.0,27.0,8.0,1.0,12.0,9.0,75.0,54.0,29.0,17.0,24.0,14.0,13.0,8.0,15,4,1686,1895
377,Crystal Palace,Tottenham,1.0,1.0,47.0,53.0,13.0,7.0,2.0,2.0,9.0,3.0,2.0,2.0,7.0,2.0,11.0,13.0,0.0,0.0,13.0,11.0,4.0,12.0,10.0,5.0,3.0,2.0,422.0,489.0,337.0,406.0,26.0,27.0,9.0,2.0,8.0,9.0,60.0,59.0,17.0,13.0,22.0,26.0,10.0,22.0,12,4,1747,1895
221,Watford,Tottenham,0.0,0.0,42.0,58.0,15.0,16.0,2.0,5.0,8.0,6.0,5.0,5.0,3.0,3.0,13.0,13.0,0.0,0.0,12.0,12.0,9.0,12.0,11.0,11.0,4.0,5.0,342.0,504.0,236.0,414.0,35.0,19.0,6.0,4.0,11.0,16.0,82.0,61.0,34.0,16.0,25.0,17.0,13.0,8.0,11,4,1689,1895
357,Newcastle United,Tottenham,1.0,3.0,53.0,47.0,22.0,8.0,6.0,5.0,10.0,1.0,6.0,2.0,5.0,4.0,6.0,13.0,0.0,0.0,13.0,6.0,5.0,8.0,13.0,5.0,9.0,3.0,503.0,456.0,440.0,394.0,42.0,30.0,5.0,3.0,16.0,13.0,59.0,45.0,17.0,12.0,14.0,14.0,7.0,5.0,13,4,1720,1895
144,Manchester United,Tottenham,2.0,1.0,47.0,53.0,12.0,8.0,7.0,5.0,3.0,1.0,2.0,2.0,4.0,3.0,9.0,9.0,0.0,0.0,9.0,9.0,5.0,6.0,7.0,5.0,5.0,3.0,441.0,497.0,335.0,393.0,20.0,16.0,2.0,3.0,13.0,22.0,53.0,65.0,11.0,16.0,20.0,18.0,16.0,14.0,6,4,1842,1895
39,Arsenal,Tottenham,2.0,2.0,54.0,46.0,26.0,13.0,8.0,9.0,10.0,3.0,8.0,1.0,11.0,6.0,13.0,19.0,0.0,0.0,18.0,13.0,2.0,15.0,13.0,6.0,13.0,7.0,453.0,388.0,380.0,309.0,25.0,28.0,9.0,1.0,14.0,7.0,71.0,46.0,16.0,13.0,23.0,13.0,11.0,6.0,5,4,1871,1895
258,Aston Villa,Tottenham,2.0,3.0,54.0,46.0,18.0,23.0,4.0,10.0,8.0,6.0,6.0,7.0,12.0,7.0,12.0,10.0,0.0,0.0,8.0,12.0,6.0,6.0,12.0,19.0,6.0,4.0,444.0,386.0,339.0,292.0,32.0,18.0,9.0,4.0,16.0,13.0,54.0,68.0,16.0,19.0,14.0,24.0,15.0,11.0,18,4,1616,1895
70,Brighton,Tottenham,3.0,0.0,47.0,53.0,17.0,8.0,6.0,3.0,4.0,3.0,7.0,2.0,4.0,4.0,11.0,7.0,0.0,0.0,7.0,10.0,4.0,8.0,10.0,3.0,7.0,5.0,494.0,547.0,405.0,452.0,32.0,20.0,4.0,1.0,10.0,12.0,52.0,55.0,13.0,10.0,22.0,23.0,14.0,11.0,17,4,1620,1895
109,Everton,Tottenham,1.0,1.0,47.0,53.0,7.0,5.0,3.0,2.0,3.0,2.0,1.0,1.0,5.0,2.0,9.0,8.0,0.0,0.0,8.0,9.0,5.0,11.0,6.0,3.0,1.0,2.0,375.0,443.0,281.0,344.0,47.0,20.0,8.0,3.0,16.0,7.0,66.0,48.0,16.0,18.0,26.0,15.0,6.0,11.0,8,4,1774,1895
204,Southampton,Tottenham,1.0,0.0,41.0,59.0,12.0,11.0,3.0,5.0,4.0,2.0,5.0,4.0,6.0,9.0,21.0,8.0,0.0,0.0,8.0,20.0,5.0,5.0,8.0,6.0,4.0,5.0,343.0,499.0,217.0,369.0,24.0,21.0,6.0,3.0,8.0,17.0,60.0,80.0,21.0,20.0,22.0,23.0,13.0,8.0,16,4,1678,1895
16,Manchester City,Tottenham,2.0,2.0,55.0,45.0,30.0,3.0,10.0,2.0,8.0,1.0,12.0,0.0,13.0,2.0,14.0,4.0,0.0,0.0,4.0,13.0,3.0,11.0,22.0,1.0,8.0,2.0,610.0,506.0,551.0,425.0,29.0,16.0,8.0,1.0,9.0,15.0,43.0,53.0,15.0,10.0,15.0,17.0,10.0,6.0,1,4,2041,1895
322,Sheffield United,Tottenham,3.0,1.0,33.0,67.0,7.0,9.0,5.0,2.0,2.0,5.0,0.0,2.0,1.0,6.0,13.0,13.0,0.0,0.0,11.0,12.0,6.0,7.0,5.0,6.0,2.0,3.0,312.0,637.0,210.0,543.0,37.0,38.0,2.0,3.0,8.0,9.0,61.0,54.0,24.0,19.0,18.0,14.0,16.0,15.0,18,4,1624,1895
262,Chelsea,Tottenham,2.0,1.0,49.0,51.0,17.0,5.0,7.0,3.0,8.0,0.0,2.0,2.0,3.0,5.0,14.0,14.0,0.0,0.0,13.0,14.0,4.0,9.0,8.0,3.0,9.0,2.0,551.0,572.0,455.0,471.0,21.0,23.0,1.0,4.0,12.0,16.0,66.0,74.0,15.0,20.0,26.0,24.0,15.0,8.0,3,4,1887,1895
167,Wolverhampton,Tottenham,1.0,2.0,57.0,43.0,19.0,9.0,5.0,5.0,4.0,3.0,10.0,1.0,11.0,2.0,14.0,10.0,0.0,0.0,10.0,12.0,4.0,7.0,10.0,8.0,9.0,1.0,494.0,375.0,379.0,273.0,40.0,22.0,5.0,2.0,20.0,18.0,65.0,72.0,17.0,24.0,18.0,18.0,13.0,11.0,7,4,1724,1895
51,Leicester City,Tottenham,2.0,1.0,44.0,56.0,16.0,11.0,7.0,4.0,6.0,6.0,3.0,1.0,8.0,2.0,16.0,13.0,0.0,0.0,13.0,16.0,9.0,11.0,10.0,9.0,6.0,2.0,380.0,491.0,286.0,403.0,32.0,22.0,1.0,2.0,11.0,7.0,59.0,56.0,12.0,15.0,23.0,18.0,12.0,8.0,9,4,1743,1895
195,Norwich City,Tottenham,2.0,2.0,41.0,59.0,5.0,15.0,2.0,7.0,3.0,1.0,0.0,7.0,4.0,6.0,12.0,10.0,0.0,0.0,10.0,11.0,7.0,4.0,2.0,5.0,3.0,10.0,394.0,554.0,279.0,450.0,19.0,21.0,1.0,0.0,8.0,14.0,56.0,66.0,18.0,19.0,22.0,22.0,17.0,9.0,18,4,1635,1895
119,Liverpool,Manchester City,3.0,1.0,45.0,55.0,12.0,18.0,5.0,3.0,5.0,7.0,2.0,8.0,4.0,13.0,10.0,5.0,0.0,0.0,5.0,10.0,10.0,6.0,9.0,12.0,3.0,6.0,416.0,507.0,324.0,425.0,34.0,32.0,5.0,5.0,13.0,19.0,44.0,58.0,13.0,14.0,13.0,15.0,10.0,10.0,2,1,2050,2041
1,West Ham,Manchester City,0.0,5.0,42.0,58.0,5.0,14.0,3.0,9.0,2.0,3.0,0.0,2.0,1.0,1.0,6.0,13.0,0.0,0.0,13.0,6.0,6.0,5.0,4.0,10.0,1.0,4.0,403.0,547.0,325.0,473.0,25.0,28.0,1.0,2.0,8.0,13.0,57.0,54.0,18.0,17.0,18.0,18.0,9.0,13.0,10,1,1733,2041
27,Bournemouth,Manchester City,1.0,3.0,26.0,74.0,10.0,18.0,7.0,5.0,2.0,4.0,1.0,9.0,4.0,5.0,7.0,13.0,0.0,0.0,13.0,7.0,5.0,3.0,8.0,14.0,2.0,4.0,249.0,728.0,179.0,647.0,25.0,21.0,2.0,6.0,6.0,7.0,42.0,46.0,15.0,16.0,8.0,16.0,16.0,8.0,14,1,1695,2041
141,Burnley,Manchester City,1.0,4.0,24.0,76.0,4.0,17.0,2.0,8.0,1.0,4.0,1.0,5.0,3.0,6.0,9.0,6.0,0.0,0.0,6.0,9.0,7.0,5.0,3.0,9.0,1.0,8.0,250.0,774.0,163.0,690.0,20.0,29.0,1.0,4.0,4.0,8.0,45.0,37.0,22.0,13.0,14.0,8.0,13.0,6.0,15,1,1686,2041
87,Crystal Palace,Manchester City,0.0,2.0,28.0,72.0,7.0,21.0,2.0,10.0,3.0,8.0,2.0,3.0,1.0,8.0,8.0,10.0,0.0,0.0,10.0,8.0,11.0,5.0,5.0,17.0,2.0,4.0,276.0,682.0,207.0,595.0,21.0,38.0,1.0,8.0,11.0,16.0,47.0,56.0,13.0,21.0,13.0,11.0,22.0,6.0,12,1,1747,2041
370,Watford,Manchester City,0.0,4.0,23.0,77.0,2.0,26.0,0.0,10.0,2.0,6.0,0.0,10.0,0.0,8.0,14.0,11.0,0.0,0.0,11.0,14.0,10.0,7.0,2.0,17.0,0.0,9.0,232.0,764.0,154.0,687.0,21.0,28.0,0.0,5.0,9.0,13.0,55.0,61.0,17.0,12.0,18.0,22.0,11.0,7.0,11,1,1689,2041
250,Tottenham,Manchester City,2.0,0.0,33.0,67.0,3.0,19.0,3.0,6.0,0.0,6.0,0.0,7.0,2.0,6.0,8.0,14.0,0.0,1.0,13.0,6.0,7.0,1.0,3.0,14.0,0.0,5.0,347.0,692.0,261.0,608.0,16.0,30.0,0.0,3.0,9.0,10.0,51.0,44.0,9.0,13.0,21.0,15.0,12.0,12.0,4,1,1895,2041
130,Newcastle United,Manchester City,2.0,2.0,23.0,77.0,6.0,24.0,3.0,9.0,3.0,8.0,0.0,7.0,1.0,10.0,4.0,6.0,0.0,0.0,6.0,3.0,10.0,5.0,1.0,15.0,5.0,9.0,238.0,760.0,154.0,672.0,20.0,32.0,0.0,10.0,15.0,10.0,56.0,41.0,17.0,16.0,18.0,12.0,17.0,9.0,13,1,1720,2041
292,Manchester United,Manchester City,2.0,0.0,28.0,72.0,12.0,7.0,6.0,4.0,2.0,3.0,4.0,0.0,2.0,11.0,11.0,9.0,0.0,0.0,9.0,10.0,7.0,2.0,8.0,4.0,4.0,3.0,294.0,761.0,216.0,676.0,24.0,44.0,2.0,2.0,12.0,18.0,47.0,54.0,8.0,11.0,19.0,15.0,17.0,8.0,6,1,1842,2041
168,Arsenal,Manchester City,0.0,3.0,42.0,58.0,6.0,14.0,1.0,7.0,4.0,3.0,1.0,4.0,3.0,3.0,9.0,24.0,0.0,0.0,23.0,8.0,9.0,4.0,2.0,8.0,4.0,6.0,482.0,672.0,419.0,608.0,23.0,31.0,2.0,1.0,10.0,11.0,58.0,55.0,9.0,15.0,16.0,21.0,12.0,10.0,5,1,1871,2041
220,Aston Villa,Manchester City,1.0,6.0,29.0,71.0,7.0,22.0,1.0,12.0,4.0,8.0,2.0,2.0,2.0,4.0,5.0,12.0,0.0,0.0,11.0,3.0,12.0,4.0,7.0,14.0,0.0,8.0,362.0,877.0,291.0,809.0,22.0,26.0,4.0,4.0,17.0,19.0,54.0,49.0,12.0,11.0,15.0,16.0,9.0,8.0,18,1,1616,2041
348,Brighton,Manchester City,0.0,5.0,30.0,70.0,3.0,26.0,0.0,8.0,3.0,12.0,0.0,6.0,2.0,7.0,7.0,3.0,0.0,0.0,1.0,7.0,11.0,4.0,3.0,20.0,0.0,6.0,335.0,799.0,256.0,723.0,27.0,47.0,1.0,6.0,4.0,19.0,27.0,52.0,10.0,10.0,12.0,16.0,17.0,12.0,17,1,1620,2041
67,Everton,Manchester City,1.0,3.0,37.0,63.0,12.0,19.0,8.0,8.0,3.0,7.0,1.0,4.0,5.0,2.0,4.0,8.0,0.0,0.0,8.0,4.0,11.0,4.0,10.0,13.0,2.0,6.0,358.0,619.0,294.0,564.0,32.0,34.0,5.0,4.0,14.0,10.0,57.0,40.0,16.0,11.0,19.0,15.0,11.0,8.0,8,1,1774,2041
332,Southampton,Manchester City,1.0,0.0,26.0,74.0,8.0,26.0,4.0,6.0,3.0,9.0,1.0,11.0,2.0,13.0,6.0,7.0,0.0,0.0,7.0,6.0,11.0,2.0,3.0,19.0,5.0,7.0,297.0,808.0,209.0,723.0,24.0,55.0,0.0,7.0,6.0,12.0,48.0,54.0,16.0,20.0,20.0,16.0,27.0,9.0,16,1,1678,2041
235,Sheffield United,Manchester City,0.0,1.0,33.0,67.0,4.0,18.0,1.0,5.0,2.0,8.0,1.0,5.0,5.0,13.0,13.0,13.0,0.0,0.0,13.0,12.0,13.0,3.0,4.0,12.0,0.0,6.0,286.0,600.0,187.0,520.0,24.0,35.0,5.0,7.0,9.0,10.0,57.0,50.0,23.0,21.0,13.0,8.0,10.0,11.0,18,1,1624,2041
313,Chelsea,Manchester City,2.0,1.0,35.0,65.0,15.0,11.0,10.0,2.0,3.0,6.0,2.0,3.0,5.0,7.0,13.0,3.0,0.0,1.0,2.0,13.0,14.0,4.0,14.0,5.0,1.0,6.0,382.0,713.0,316.0,650.0,27.0,45.0,3.0,5.0,10.0,10.0,36.0,35.0,11.0,5.0,13.0,7.0,8.0,5.0,3,1,1887,2041
190,Wolverhampton,Manchester City,3.0,2.0,61.0,39.0,21.0,7.0,8.0,3.0,6.0,3.0,7.0,1.0,3.0,1.0,7.0,13.0,0.0,1.0,12.0,7.0,6.0,11.0,11.0,5.0,10.0,2.0,564.0,358.0,500.0,282.0,35.0,18.0,10.0,1.0,18.0,9.0,64.0,50.0,21.0,18.0,13.0,16.0,7.0,14.0,7,1,1724,2041
267,Leicester City,Manchester City,0.0,1.0,32.0,68.0,10.0,18.0,3.0,7.0,4.0,6.0,3.0,5.0,3.0,7.0,14.0,10.0,0.0,0.0,10.0,13.0,6.0,4.0,5.0,10.0,5.0,8.0,311.0,677.0,239.0,603.0,24.0,33.0,2.0,2.0,18.0,12.0,50.0,49.0,8.0,9.0,14.0,15.0,12.0,15.0,9,1,1743,2041
46,Norwich City,Manchester City,3.0,2.0,31.0,69.0,7.0,25.0,3.0,8.0,3.0,6.0,1.0,11.0,3.0,16.0,8.0,7.0,0.0,0.0,7.0,8.0,12.0,2.0,6.0,18.0,1.0,7.0,318.0,671.0,236.0,594.0,15.0,29.0,2.0,8.0,8.0,20.0,42.0,62.0,11.0,19.0,16.0,15.0,16.0,7.0,18,1,1635,2041
133,Liverpool,Brighton,2.0,1.0,44.0,56.0,15.0,12.0,7.0,5.0,5.0,4.0,3.0,3.0,4.0,5.0,3.0,10.0,1.0,0.0,9.0,2.0,7.0,4.0,12.0,5.0,3.0,7.0,482.0,592.0,388.0,497.0,35.0,37.0,2.0,5.0,8.0,11.0,36.0,36.0,9.0,12.0,11.0,11.0,11.0,14.0,2,17,2050,1620
247,West Ham,Brighton,3.0,3.0,35.0,65.0,12.0,19.0,6.0,6.0,3.0,10.0,3.0,3.0,4.0,6.0,8.0,9.0,0.0,0.0,9.0,6.0,12.0,8.0,8.0,12.0,4.0,7.0,321.0,607.0,237.0,509.0,35.0,34.0,5.0,7.0,12.0,7.0,72.0,60.0,28.0,28.0,23.0,19.0,15.0,12.0,10,17,1733,1620
232,Bournemouth,Brighton,3.0,1.0,35.0,65.0,11.0,21.0,3.0,8.0,4.0,6.0,4.0,7.0,5.0,8.0,9.0,12.0,0.0,0.0,12.0,8.0,11.0,6.0,8.0,9.0,3.0,12.0,303.0,567.0,205.0,473.0,19.0,31.0,1.0,4.0,4.0,14.0,44.0,56.0,18.0,18.0,10.0,16.0,21.0,6.0,14,17,1695,1620
375,Burnley,Brighton,1.0,2.0,54.0,46.0,13.0,15.0,2.0,4.0,8.0,6.0,3.0,5.0,6.0,7.0,11.0,11.0,0.0,0.0,10.0,11.0,9.0,12.0,10.0,9.0,3.0,6.0,378.0,334.0,283.0,259.0,28.0,38.0,13.0,2.0,1.0,5.0,52.0,57.0,23.0,36.0,20.0,6.0,12.0,7.0,15,17,1686,1620
169,Crystal Palace,Brighton,1.0,1.0,34.0,66.0,11.0,15.0,4.0,10.0,6.0,3.0,1.0,2.0,3.0,7.0,7.0,12.0,0.0,0.0,12.0,6.0,4.0,5.0,8.0,7.0,3.0,8.0,315.0,593.0,226.0,496.0,25.0,34.0,6.0,6.0,10.0,11.0,62.0,43.0,26.0,10.0,14.0,16.0,14.0,9.0,12,17,1747,1620
5,Watford,Brighton,0.0,3.0,48.0,52.0,11.0,5.0,3.0,3.0,4.0,2.0,4.0,0.0,5.0,2.0,15.0,11.0,0.0,0.0,11.0,14.0,7.0,8.0,4.0,3.0,7.0,2.0,414.0,442.0,325.0,347.0,24.0,42.0,4.0,2.0,9.0,6.0,46.0,62.0,14.0,19.0,12.0,24.0,12.0,11.0,11,17,1689,1620
181,Tottenham,Brighton,2.0,1.0,53.0,47.0,11.0,11.0,5.0,5.0,2.0,5.0,4.0,1.0,9.0,2.0,10.0,9.0,0.0,0.0,9.0,10.0,9.0,4.0,7.0,3.0,4.0,8.0,494.0,416.0,390.0,331.0,15.0,35.0,4.0,5.0,11.0,17.0,48.0,71.0,9.0,22.0,19.0,23.0,12.0,14.0,4,17,1895,1620
55,Newcastle United,Brighton,0.0,0.0,28.0,72.0,11.0,16.0,4.0,3.0,5.0,6.0,2.0,7.0,5.0,3.0,12.0,8.0,0.0,0.0,8.0,12.0,10.0,8.0,7.0,9.0,4.0,7.0,280.0,718.0,195.0,633.0,10.0,34.0,5.0,3.0,11.0,6.0,56.0,50.0,19.0,18.0,18.0,14.0,11.0,11.0,13,17,1720,1620
117,Manchester United,Brighton,3.0,1.0,43.0,57.0,21.0,6.0,11.0,2.0,5.0,3.0,5.0,1.0,5.0,2.0,10.0,14.0,0.0,0.0,14.0,10.0,6.0,8.0,12.0,5.0,9.0,1.0,358.0,483.0,287.0,390.0,18.0,28.0,2.0,4.0,18.0,9.0,67.0,61.0,11.0,14.0,24.0,28.0,10.0,10.0,6,17,1842,1620
149,Arsenal,Brighton,1.0,2.0,49.0,51.0,12.0,20.0,5.0,9.0,4.0,5.0,3.0,6.0,9.0,9.0,10.0,11.0,0.0,0.0,10.0,9.0,6.0,5.0,9.0,15.0,3.0,5.0,389.0,413.0,325.0,337.0,22.0,31.0,7.0,6.0,15.0,7.0,55.0,48.0,11.0,23.0,19.0,11.0,8.0,6.0,5,17,1871,1620
81,Aston Villa,Brighton,2.0,1.0,48.0,52.0,24.0,20.0,8.0,5.0,8.0,8.0,8.0,7.0,7.0,5.0,9.0,17.0,0.0,1.0,17.0,9.0,9.0,12.0,16.0,11.0,8.0,9.0,441.0,475.0,371.0,398.0,18.0,21.0,7.0,5.0,20.0,8.0,51.0,44.0,9.0,17.0,6.0,11.0,11.0,10.0,18,17,1616,1620
214,Everton,Brighton,1.0,0.0,54.0,46.0,14.0,9.0,6.0,2.0,4.0,6.0,4.0,1.0,4.0,3.0,7.0,7.0,0.0,0.0,6.0,6.0,10.0,8.0,11.0,7.0,3.0,2.0,491.0,426.0,390.0,315.0,34.0,43.0,4.0,2.0,9.0,11.0,51.0,47.0,17.0,17.0,21.0,13.0,12.0,10.0,8,17,1774,1620
362,Southampton,Brighton,1.0,1.0,68.0,32.0,21.0,10.0,6.0,2.0,7.0,4.0,8.0,4.0,8.0,2.0,6.0,10.0,0.0,0.0,10.0,5.0,6.0,8.0,14.0,10.0,7.0,0.0,597.0,281.0,490.0,171.0,45.0,28.0,4.0,2.0,10.0,9.0,54.0,57.0,19.0,26.0,15.0,18.0,9.0,12.0,16,17,1678,1620
34,Manchester City,Brighton,4.0,0.0,53.0,47.0,15.0,6.0,6.0,2.0,8.0,1.0,1.0,3.0,8.0,1.0,10.0,6.0,0.0,0.0,6.0,9.0,2.0,12.0,10.0,5.0,5.0,1.0,598.0,523.0,535.0,454.0,32.0,21.0,1.0,2.0,6.0,8.0,33.0,41.0,6.0,6.0,15.0,18.0,10.0,8.0,1,17,2041,1620
265,Sheffield United,Brighton,1.0,1.0,66.0,34.0,13.0,9.0,3.0,2.0,5.0,4.0,5.0,3.0,12.0,2.0,5.0,6.0,0.0,0.0,5.0,4.0,4.0,9.0,10.0,6.0,3.0,3.0,532.0,285.0,411.0,188.0,36.0,22.0,14.0,2.0,16.0,9.0,58.0,51.0,22.0,24.0,15.0,15.0,8.0,12.0,18,17,1624,1620
63,Chelsea,Brighton,2.0,0.0,52.0,48.0,24.0,8.0,10.0,1.0,4.0,4.0,10.0,3.0,5.0,2.0,5.0,13.0,0.0,0.0,11.0,5.0,9.0,5.0,16.0,5.0,8.0,3.0,568.0,502.0,487.0,414.0,20.0,26.0,3.0,3.0,6.0,7.0,45.0,42.0,10.0,10.0,18.0,21.0,13.0,14.0,3,17,1887,1620
289,Wolverhampton,Brighton,0.0,0.0,43.0,57.0,11.0,7.0,1.0,1.0,7.0,4.0,3.0,2.0,2.0,0.0,4.0,7.0,0.0,0.0,7.0,4.0,9.0,9.0,5.0,2.0,6.0,5.0,458.0,606.0,343.0,500.0,43.0,34.0,4.0,2.0,16.0,10.0,65.0,57.0,20.0,20.0,22.0,23.0,8.0,11.0,7,17,1724,1620
304,Leicester City,Brighton,0.0,0.0,66.0,34.0,11.0,10.0,2.0,2.0,7.0,3.0,2.0,5.0,6.0,7.0,10.0,13.0,0.0,0.0,12.0,10.0,4.0,11.0,7.0,5.0,4.0,5.0,588.0,294.0,506.0,211.0,28.0,22.0,5.0,1.0,8.0,11.0,54.0,62.0,18.0,20.0,16.0,21.0,9.0,10.0,9,17,1743,1620
324,Norwich City,Brighton,0.0,1.0,58.0,42.0,12.0,8.0,1.0,2.0,4.0,3.0,7.0,3.0,0.0,2.0,11.0,13.0,0.0,0.0,12.0,10.0,6.0,7.0,7.0,6.0,5.0,2.0,587.0,418.0,506.0,345.0,24.0,24.0,2.0,3.0,9.0,6.0,46.0,38.0,11.0,11.0,14.0,11.0,3.0,13.0,18,17,1635,1620
147,Liverpool,Everton,5.0,2.0,59.0,41.0,11.0,12.0,5.0,4.0,3.0,7.0,3.0,1.0,5.0,6.0,13.0,17.0,0.0,0.0,16.0,12.0,7.0,5.0,8.0,8.0,3.0,4.0,501.0,339.0,406.0,245.0,33.0,20.0,2.0,4.0,13.0,8.0,69.0,66.0,25.0,28.0,15.0,19.0,7.0,14.0,2,8,2050,1774
227,West Ham,Everton,1.0,1.0,49.0,51.0,12.0,11.0,6.0,3.0,4.0,5.0,2.0,3.0,7.0,6.0,11.0,13.0,0.0,0.0,13.0,11.0,6.0,8.0,10.0,8.0,2.0,3.0,435.0,459.0,338.0,364.0,43.0,21.0,7.0,6.0,4.0,6.0,69.0,62.0,36.0,26.0,16.0,20.0,9.0,15.0,10,8,1733,1774
47,Bournemouth,Everton,3.0,1.0,40.0,60.0,13.0,14.0,6.0,5.0,5.0,5.0,2.0,4.0,7.0,7.0,5.0,14.0,0.0,0.0,14.0,4.0,12.0,3.0,8.0,9.0,5.0,5.0,336.0,488.0,232.0,373.0,17.0,31.0,2.0,4.0,6.0,10.0,61.0,56.0,23.0,24.0,18.0,18.0,13.0,13.0,14,8,1695,1774
71,Burnley,Everton,1.0,0.0,40.0,60.0,9.0,11.0,3.0,2.0,4.0,4.0,2.0,5.0,7.0,9.0,5.0,12.0,0.0,1.0,12.0,5.0,6.0,8.0,6.0,9.0,3.0,2.0,327.0,471.0,215.0,362.0,18.0,31.0,7.0,3.0,5.0,5.0,60.0,51.0,29.0,33.0,15.0,9.0,18.0,7.0,15,8,1686,1774
4,Crystal Palace,Everton,0.0,0.0,35.0,65.0,6.0,10.0,2.0,3.0,0.0,3.0,4.0,4.0,6.0,2.0,16.0,14.0,0.0,1.0,12.0,16.0,10.0,5.0,6.0,7.0,0.0,3.0,268.0,500.0,161.0,401.0,12.0,33.0,1.0,3.0,8.0,5.0,71.0,53.0,30.0,18.0,21.0,14.0,10.0,14.0,12,8,1747,1774
246,Watford,Everton,2.0,3.0,45.0,55.0,11.0,12.0,2.0,5.0,6.0,4.0,3.0,3.0,4.0,4.0,17.0,14.0,0.0,1.0,13.0,17.0,8.0,9.0,8.0,9.0,3.0,3.0,364.0,441.0,252.0,327.0,26.0,29.0,1.0,7.0,7.0,11.0,68.0,76.0,33.0,26.0,15.0,22.0,9.0,10.0,11,8,1689,1774
333,Tottenham,Everton,1.0,0.0,52.0,48.0,12.0,11.0,2.0,3.0,6.0,4.0,4.0,4.0,5.0,6.0,14.0,18.0,0.0,0.0,17.0,14.0,8.0,10.0,4.0,3.0,8.0,8.0,448.0,413.0,370.0,341.0,19.0,27.0,2.0,1.0,7.0,7.0,48.0,53.0,12.0,22.0,13.0,10.0,7.0,10.0,4,8,1895,1774
192,Newcastle United,Everton,1.0,2.0,42.0,58.0,20.0,22.0,5.0,9.0,9.0,7.0,6.0,6.0,5.0,8.0,13.0,13.0,0.0,0.0,12.0,12.0,6.0,8.0,16.0,16.0,4.0,6.0,317.0,435.0,233.0,341.0,46.0,31.0,6.0,8.0,14.0,9.0,89.0,60.0,49.0,24.0,14.0,15.0,9.0,6.0,13,8,1720,1774
166,Manchester United,Everton,1.0,1.0,67.0,33.0,24.0,8.0,8.0,3.0,8.0,5.0,8.0,0.0,6.0,5.0,10.0,12.0,0.0,0.0,12.0,10.0,8.0,11.0,9.0,2.0,15.0,6.0,529.0,264.0,454.0,176.0,18.0,20.0,5.0,2.0,13.0,4.0,69.0,51.0,30.0,18.0,14.0,21.0,7.0,12.0,6,8,1842,1774
270,Arsenal,Everton,3.0,2.0,51.0,49.0,9.0,17.0,4.0,5.0,5.0,8.0,0.0,4.0,6.0,3.0,12.0,12.0,0.0,0.0,12.0,12.0,9.0,6.0,8.0,12.0,1.0,5.0,491.0,455.0,423.0,386.0,28.0,19.0,3.0,8.0,7.0,6.0,41.0,57.0,9.0,19.0,13.0,21.0,12.0,14.0,5,8,1871,1774
20,Aston Villa,Everton,2.0,0.0,35.0,65.0,7.0,12.0,3.0,1.0,2.0,7.0,2.0,4.0,0.0,6.0,10.0,18.0,0.0,0.0,17.0,10.0,11.0,3.0,3.0,7.0,4.0,5.0,301.0,539.0,219.0,435.0,42.0,28.0,1.0,3.0,11.0,13.0,56.0,66.0,16.0,28.0,12.0,16.0,13.0,5.0,18,8,1616,1774
92,Brighton,Everton,3.0,2.0,55.0,45.0,8.0,10.0,4.0,6.0,3.0,2.0,1.0,2.0,0.0,5.0,12.0,12.0,0.0,0.0,12.0,12.0,7.0,5.0,5.0,7.0,3.0,3.0,533.0,425.0,431.0,343.0,18.0,22.0,2.0,2.0,10.0,6.0,48.0,46.0,8.0,11.0,18.0,17.0,17.0,17.0,17,8,1620,1774
114,Southampton,Everton,1.0,2.0,47.0,53.0,4.0,24.0,3.0,5.0,1.0,9.0,0.0,10.0,5.0,9.0,12.0,12.0,0.0,0.0,11.0,12.0,12.0,8.0,1.0,19.0,3.0,5.0,345.0,377.0,244.0,271.0,12.0,32.0,1.0,8.0,10.0,13.0,56.0,75.0,24.0,27.0,12.0,23.0,6.0,10.0,16,8,1678,1774
206,Manchester City,Everton,2.0,1.0,65.0,35.0,16.0,7.0,7.0,2.0,7.0,3.0,2.0,2.0,3.0,6.0,11.0,11.0,0.0,0.0,11.0,11.0,4.0,5.0,13.0,7.0,3.0,0.0,777.0,401.0,700.0,310.0,33.0,36.0,3.0,5.0,10.0,10.0,47.0,64.0,16.0,29.0,10.0,14.0,16.0,14.0,1,8,2041,1774
368,Sheffield United,Everton,0.0,1.0,51.0,49.0,8.0,5.0,0.0,2.0,3.0,3.0,5.0,0.0,7.0,1.0,11.0,19.0,0.0,0.0,19.0,11.0,1.0,11.0,7.0,4.0,1.0,1.0,468.0,472.0,369.0,367.0,43.0,35.0,5.0,3.0,9.0,7.0,68.0,60.0,24.0,32.0,17.0,10.0,10.0,9.0,18,8,1624,1774
291,Chelsea,Everton,4.0,0.0,60.0,40.0,17.0,3.0,11.0,1.0,5.0,1.0,1.0,1.0,6.0,1.0,8.0,10.0,0.0,0.0,8.0,8.0,7.0,4.0,9.0,2.0,8.0,1.0,646.0,415.0,572.0,328.0,41.0,22.0,3.0,1.0,20.0,11.0,57.0,53.0,17.0,19.0,13.0,15.0,7.0,9.0,3,8,1887,1774
349,Wolverhampton,Everton,3.0,0.0,55.0,45.0,14.0,6.0,7.0,2.0,4.0,1.0,3.0,3.0,5.0,2.0,9.0,9.0,0.0,0.0,9.0,9.0,6.0,6.0,10.0,5.0,4.0,1.0,564.0,450.0,487.0,370.0,39.0,22.0,2.0,2.0,15.0,7.0,47.0,40.0,14.0,14.0,9.0,10.0,13.0,14.0,7,8,1724,1774
138,Leicester City,Everton,2.0,1.0,69.0,31.0,16.0,11.0,6.0,3.0,7.0,5.0,3.0,3.0,4.0,4.0,7.0,9.0,0.0,0.0,9.0,7.0,6.0,9.0,13.0,9.0,3.0,2.0,652.0,275.0,544.0,185.0,34.0,21.0,5.0,9.0,13.0,13.0,64.0,59.0,23.0,19.0,19.0,20.0,10.0,21.0,9,8,1743,1774
308,Norwich City,Everton,0.0,1.0,46.0,54.0,9.0,12.0,1.0,5.0,2.0,3.0,6.0,4.0,6.0,5.0,8.0,13.0,0.0,0.0,13.0,7.0,5.0,4.0,3.0,7.0,6.0,5.0,418.0,488.0,333.0,393.0,21.0,41.0,4.0,7.0,9.0,11.0,50.0,62.0,15.0,26.0,14.0,19.0,8.0,11.0,18,8,1635,1774
160,Liverpool,Watford,2.0,0.0,67.0,33.0,16.0,8.0,6.0,2.0,8.0,6.0,2.0,0.0,6.0,3.0,8.0,6.0,0.0,0.0,4.0,7.0,7.0,11.0,14.0,5.0,2.0,3.0,649.0,309.0,538.0,198.0,38.0,20.0,0.0,1.0,10.0,10.0,53.0,49.0,25.0,11.0,14.0,21.0,9.0,13.0,2,11,2050,1689
363,West Ham,Watford,3.0,1.0,41.0,59.0,10.0,14.0,4.0,3.0,2.0,6.0,4.0,5.0,9.0,3.0,11.0,11.0,0.0,0.0,11.0,11.0,13.0,6.0,5.0,12.0,5.0,2.0,297.0,439.0,190.0,336.0,25.0,29.0,4.0,5.0,11.0,7.0,75.0,56.0,40.0,22.0,13.0,16.0,12.0,11.0,10,11,1733,1689
219,Bournemouth,Watford,0.0,3.0,57.0,43.0,10.0,18.0,1.0,6.0,7.0,6.0,2.0,6.0,5.0,5.0,3.0,13.0,0.0,0.0,13.0,3.0,7.0,11.0,2.0,13.0,8.0,5.0,536.0,411.0,420.0,296.0,20.0,19.0,3.0,8.0,9.0,10.0,59.0,81.0,30.0,42.0,8.0,27.0,11.0,7.0,14,11,1695,1689
311,Burnley,Watford,1.0,0.0,55.0,45.0,9.0,10.0,5.0,4.0,4.0,6.0,0.0,0.0,1.0,7.0,13.0,15.0,0.0,0.0,15.0,12.0,7.0,4.0,7.0,7.0,2.0,3.0,424.0,329.0,298.0,203.0,19.0,22.0,4.0,7.0,4.0,4.0,69.0,72.0,41.0,40.0,11.0,16.0,10.0,4.0,15,11,1686,1689
286,Crystal Palace,Watford,1.0,0.0,44.0,56.0,10.0,10.0,3.0,3.0,3.0,2.0,4.0,5.0,8.0,8.0,12.0,16.0,0.0,0.0,16.0,11.0,6.0,6.0,5.0,7.0,5.0,3.0,371.0,464.0,266.0,349.0,18.0,23.0,5.0,3.0,14.0,4.0,82.0,69.0,31.0,34.0,21.0,22.0,13.0,6.0,12,11,1747,1689
85,Tottenham,Watford,1.0,1.0,69.0,31.0,12.0,7.0,2.0,2.0,3.0,2.0,7.0,3.0,11.0,2.0,5.0,9.0,0.0,0.0,8.0,5.0,4.0,8.0,7.0,4.0,5.0,3.0,686.0,313.0,592.0,206.0,20.0,17.0,7.0,2.0,12.0,14.0,47.0,57.0,16.0,18.0,11.0,20.0,11.0,14.0,4,11,1895,1689
35,Newcastle United,Watford,1.0,1.0,48.0,52.0,13.0,13.0,5.0,3.0,3.0,5.0,5.0,5.0,6.0,5.0,5.0,11.0,0.0,0.0,11.0,5.0,12.0,7.0,8.0,8.0,5.0,5.0,468.0,498.0,359.0,384.0,19.0,22.0,5.0,4.0,13.0,7.0,52.0,50.0,18.0,24.0,11.0,14.0,12.0,12.0,13,11,1720,1689
268,Manchester United,Watford,3.0,0.0,58.0,42.0,21.0,7.0,9.0,2.0,9.0,2.0,3.0,3.0,3.0,5.0,6.0,15.0,0.0,0.0,14.0,6.0,5.0,14.0,15.0,4.0,6.0,3.0,597.0,420.0,479.0,314.0,26.0,26.0,3.0,3.0,14.0,7.0,67.0,51.0,18.0,22.0,21.0,16.0,18.0,17.0,6,11,1842,1689
374,Arsenal,Watford,3.0,2.0,51.0,49.0,13.0,19.0,5.0,6.0,4.0,7.0,4.0,6.0,4.0,8.0,9.0,12.0,0.0,0.0,12.0,9.0,7.0,5.0,11.0,16.0,2.0,3.0,442.0,398.0,368.0,333.0,21.0,27.0,5.0,13.0,16.0,9.0,56.0,48.0,14.0,23.0,14.0,7.0,7.0,10.0,5,11,1871,1689
231,Aston Villa,Watford,2.0,1.0,65.0,35.0,16.0,8.0,5.0,2.0,8.0,3.0,3.0,3.0,6.0,3.0,11.0,18.0,0.0,0.0,18.0,10.0,2.0,11.0,13.0,8.0,3.0,0.0,558.0,314.0,451.0,214.0,36.0,21.0,6.0,5.0,11.0,10.0,71.0,61.0,34.0,20.0,9.0,21.0,12.0,22.0,18,11,1616,1689
252,Brighton,Watford,1.0,1.0,67.0,33.0,10.0,5.0,2.0,2.0,5.0,2.0,3.0,1.0,3.0,2.0,9.0,12.0,0.0,0.0,12.0,9.0,5.0,11.0,7.0,3.0,3.0,2.0,603.0,301.0,502.0,193.0,42.0,21.0,5.0,1.0,5.0,6.0,65.0,59.0,38.0,19.0,13.0,25.0,11.0,18.0,17,11,1620,1689
13,Everton,Watford,1.0,0.0,44.0,56.0,12.0,8.0,2.0,2.0,6.0,4.0,4.0,2.0,4.0,7.0,11.0,11.0,0.0,0.0,10.0,11.0,10.0,8.0,7.0,5.0,5.0,3.0,303.0,388.0,204.0,280.0,20.0,32.0,3.0,6.0,19.0,8.0,76.0,79.0,28.0,27.0,20.0,34.0,6.0,9.0,8,11,1774,1689
135,Southampton,Watford,2.0,1.0,62.0,38.0,11.0,6.0,6.0,3.0,3.0,3.0,2.0,0.0,6.0,7.0,6.0,10.0,0.0,0.0,10.0,6.0,3.0,7.0,7.0,4.0,4.0,2.0,548.0,315.0,431.0,204.0,26.0,14.0,6.0,5.0,20.0,7.0,59.0,52.0,12.0,21.0,17.0,18.0,12.0,13.0,16,11,1678,1689
54,Manchester City,Watford,8.0,0.0,68.0,32.0,28.0,5.0,11.0,4.0,13.0,0.0,4.0,1.0,5.0,4.0,5.0,9.0,0.0,0.0,9.0,5.0,1.0,10.0,20.0,4.0,8.0,1.0,727.0,336.0,655.0,265.0,35.0,18.0,10.0,0.0,18.0,7.0,56.0,28.0,11.0,4.0,18.0,12.0,6.0,12.0,1,11,2041,1689
187,Sheffield United,Watford,1.0,1.0,58.0,42.0,16.0,5.0,4.0,2.0,6.0,2.0,6.0,1.0,9.0,1.0,11.0,8.0,0.0,0.0,8.0,11.0,4.0,9.0,12.0,3.0,4.0,2.0,517.0,386.0,392.0,265.0,38.0,31.0,10.0,1.0,12.0,6.0,72.0,50.0,35.0,26.0,18.0,7.0,4.0,8.0,18,11,1624,1689
328,Chelsea,Watford,3.0,0.0,70.0,30.0,21.0,7.0,9.0,3.0,4.0,4.0,8.0,0.0,5.0,3.0,9.0,12.0,0.0,0.0,12.0,9.0,4.0,6.0,12.0,3.0,9.0,4.0,731.0,300.0,660.0,230.0,27.0,27.0,4.0,1.0,7.0,6.0,49.0,50.0,18.0,11.0,13.0,24.0,11.0,11.0,3,11,1887,1689
66,Wolverhampton,Watford,2.0,0.0,39.0,61.0,6.0,14.0,2.0,5.0,4.0,6.0,0.0,3.0,1.0,6.0,5.0,6.0,0.0,0.0,5.0,5.0,12.0,6.0,6.0,10.0,0.0,4.0,404.0,628.0,311.0,530.0,28.0,23.0,3.0,4.0,8.0,8.0,46.0,50.0,12.0,22.0,21.0,15.0,17.0,5.0,7,11,1724,1689
143,Leicester City,Watford,2.0,0.0,63.0,37.0,12.0,4.0,6.0,1.0,4.0,1.0,2.0,2.0,7.0,2.0,13.0,16.0,0.0,0.0,16.0,10.0,8.0,4.0,12.0,2.0,0.0,2.0,569.0,324.0,467.0,226.0,20.0,26.0,2.0,5.0,13.0,7.0,62.0,57.0,23.0,23.0,11.0,17.0,14.0,15.0,9,11,1743,1689
110,Norwich City,Watford,0.0,2.0,65.0,35.0,17.0,12.0,5.0,2.0,7.0,6.0,5.0,4.0,10.0,4.0,7.0,13.0,0.0,1.0,13.0,7.0,9.0,8.0,7.0,7.0,10.0,5.0,597.0,315.0,523.0,232.0,26.0,24.0,2.0,3.0,17.0,14.0,56.0,56.0,8.0,10.0,18.0,25.0,7.0,15.0,18,11,1635,1689
199,Liverpool,Wolverhampton,1.0,0.0,62.0,38.0,10.0,10.0,3.0,2.0,4.0,5.0,3.0,3.0,5.0,6.0,7.0,3.0,0.0,0.0,2.0,5.0,10.0,13.0,7.0,4.0,3.0,6.0,607.0,352.0,522.0,258.0,30.0,33.0,5.0,4.0,7.0,22.0,46.0,76.0,18.0,26.0,19.0,23.0,12.0,10.0,2,7,2050,1724
298,West Ham,Wolverhampton,0.0,2.0,42.0,58.0,7.0,10.0,2.0,6.0,2.0,1.0,3.0,3.0,5.0,7.0,8.0,7.0,0.0,0.0,7.0,6.0,3.0,4.0,3.0,6.0,4.0,4.0,357.0,506.0,272.0,414.0,20.0,43.0,2.0,6.0,9.0,13.0,50.0,60.0,19.0,24.0,15.0,18.0,7.0,10.0,10,7,1733,1724
122,Bournemouth,Wolverhampton,1.0,2.0,46.0,54.0,9.0,18.0,2.0,8.0,4.0,7.0,3.0,3.0,5.0,9.0,10.0,12.0,1.0,0.0,9.0,10.0,6.0,6.0,7.0,7.0,2.0,11.0,443.0,509.0,355.0,443.0,18.0,49.0,3.0,5.0,9.0,7.0,39.0,49.0,12.0,22.0,9.0,11.0,12.0,6.0,14,7,1695,1724
355,Burnley,Wolverhampton,1.0,1.0,47.0,53.0,9.0,14.0,1.0,5.0,4.0,6.0,4.0,3.0,3.0,8.0,10.0,8.0,0.0,0.0,7.0,9.0,10.0,6.0,7.0,10.0,2.0,4.0,359.0,413.0,255.0,317.0,30.0,33.0,4.0,5.0,3.0,16.0,50.0,61.0,29.0,27.0,12.0,9.0,12.0,13.0,15,7,1686,1724
56,Crystal Palace,Wolverhampton,1.0,1.0,49.0,51.0,13.0,13.0,4.0,4.0,5.0,3.0,4.0,6.0,6.0,7.0,7.0,10.0,0.0,1.0,10.0,7.0,6.0,9.0,6.0,7.0,7.0,6.0,456.0,442.0,359.0,344.0,22.0,23.0,3.0,7.0,22.0,7.0,76.0,61.0,20.0,17.0,24.0,31.0,14.0,15.0,12,7,1747,1724
205,Watford,Wolverhampton,2.0,1.0,36.0,64.0,9.0,16.0,3.0,4.0,4.0,7.0,2.0,5.0,4.0,7.0,12.0,6.0,1.0,0.0,4.0,12.0,12.0,7.0,6.0,8.0,3.0,8.0,343.0,578.0,250.0,491.0,22.0,43.0,2.0,4.0,10.0,19.0,50.0,71.0,24.0,18.0,13.0,23.0,12.0,9.0,11,7,1689,1724
281,Tottenham,Wolverhampton,2.0,3.0,66.0,34.0,13.0,14.0,5.0,4.0,2.0,7.0,6.0,3.0,4.0,5.0,12.0,14.0,0.0,0.0,14.0,11.0,9.0,5.0,10.0,11.0,3.0,3.0,621.0,322.0,532.0,238.0,25.0,35.0,4.0,8.0,11.0,14.0,68.0,68.0,21.0,18.0,22.0,25.0,6.0,17.0,4,7,1895,1724
96,Newcastle United,Wolverhampton,1.0,1.0,43.0,57.0,13.0,13.0,2.0,5.0,7.0,5.0,4.0,3.0,3.0,6.0,8.0,16.0,1.0,0.0,15.0,8.0,9.0,8.0,7.0,9.0,6.0,4.0,405.0,533.0,317.0,451.0,24.0,26.0,8.0,8.0,13.0,11.0,71.0,61.0,30.0,25.0,13.0,18.0,5.0,7.0,13,7,1720,1724
248,Manchester United,Wolverhampton,0.0,0.0,64.0,36.0,16.0,15.0,5.0,4.0,8.0,5.0,3.0,6.0,4.0,6.0,14.0,15.0,0.0,0.0,14.0,14.0,6.0,7.0,6.0,13.0,10.0,2.0,633.0,354.0,560.0,281.0,26.0,28.0,5.0,9.0,13.0,16.0,55.0,66.0,9.0,8.0,19.0,28.0,5.0,19.0,6,7,1842,1724
101,Arsenal,Wolverhampton,1.0,1.0,57.0,43.0,10.0,24.0,4.0,8.0,5.0,4.0,1.0,12.0,8.0,9.0,6.0,15.0,0.0,0.0,15.0,6.0,5.0,8.0,9.0,15.0,1.0,9.0,539.0,397.0,465.0,316.0,18.0,39.0,8.0,6.0,10.0,11.0,48.0,57.0,7.0,18.0,16.0,22.0,7.0,14.0,5,7,1871,1724
314,Aston Villa,Wolverhampton,0.0,1.0,48.0,52.0,11.0,9.0,1.0,2.0,8.0,6.0,2.0,1.0,2.0,2.0,16.0,16.0,0.0,0.0,13.0,16.0,7.0,16.0,9.0,7.0,2.0,2.0,423.0,464.0,345.0,373.0,28.0,58.0,6.0,4.0,9.0,8.0,50.0,60.0,21.0,26.0,8.0,10.0,11.0,7.0,18,7,1616,1724
158,Brighton,Wolverhampton,2.0,2.0,62.0,38.0,13.0,13.0,5.0,6.0,5.0,2.0,3.0,5.0,3.0,4.0,10.0,7.0,0.0,0.0,7.0,9.0,4.0,11.0,7.0,11.0,6.0,2.0,581.0,356.0,474.0,258.0,29.0,31.0,4.0,3.0,6.0,16.0,43.0,53.0,17.0,20.0,13.0,9.0,9.0,10.0,17,7,1620,1724
38,Everton,Wolverhampton,3.0,2.0,58.0,42.0,15.0,8.0,6.0,5.0,3.0,1.0,6.0,2.0,7.0,7.0,12.0,12.0,0.0,1.0,12.0,12.0,2.0,6.0,11.0,6.0,4.0,2.0,451.0,320.0,364.0,217.0,45.0,31.0,9.0,2.0,9.0,13.0,71.0,70.0,26.0,26.0,24.0,19.0,7.0,11.0,8,7,1774,1724
226,Southampton,Wolverhampton,2.0,3.0,53.0,47.0,11.0,8.0,5.0,4.0,5.0,3.0,1.0,1.0,1.0,3.0,13.0,12.0,0.0,0.0,10.0,13.0,8.0,6.0,9.0,6.0,2.0,2.0,402.0,371.0,282.0,237.0,27.0,36.0,7.0,4.0,9.0,18.0,54.0,75.0,21.0,31.0,14.0,13.0,10.0,11.0,16,7,1678,1724
77,Manchester City,Wolverhampton,0.0,2.0,76.0,24.0,18.0,7.0,2.0,2.0,6.0,3.0,10.0,2.0,9.0,1.0,11.0,14.0,0.0,0.0,14.0,11.0,2.0,11.0,9.0,4.0,9.0,3.0,714.0,230.0,634.0,149.0,44.0,23.0,8.0,1.0,10.0,10.0,49.0,54.0,11.0,15.0,14.0,18.0,11.0,15.0,1,7,2041,1724
338,Sheffield United,Wolverhampton,1.0,0.0,43.0,57.0,7.0,6.0,3.0,1.0,3.0,5.0,1.0,0.0,6.0,1.0,5.0,6.0,0.0,0.0,5.0,5.0,7.0,11.0,6.0,2.0,1.0,4.0,382.0,545.0,277.0,435.0,23.0,35.0,5.0,2.0,10.0,14.0,58.0,54.0,27.0,22.0,16.0,13.0,5.0,15.0,18,7,1624,1724
376,Chelsea,Wolverhampton,2.0,0.0,63.0,37.0,11.0,5.0,3.0,1.0,5.0,1.0,3.0,3.0,3.0,3.0,10.0,16.0,0.0,0.0,16.0,9.0,6.0,7.0,8.0,1.0,3.0,4.0,629.0,370.0,521.0,256.0,36.0,27.0,3.0,1.0,8.0,8.0,75.0,63.0,21.0,26.0,30.0,22.0,8.0,8.0,3,7,1887,1724
175,Norwich City,Wolverhampton,1.0,2.0,50.0,50.0,13.0,14.0,7.0,4.0,5.0,2.0,1.0,8.0,3.0,11.0,7.0,14.0,0.0,0.0,14.0,7.0,4.0,9.0,8.0,12.0,5.0,2.0,455.0,440.0,364.0,357.0,22.0,47.0,1.0,7.0,18.0,12.0,67.0,52.0,20.0,20.0,15.0,13.0,11.0,10.0,18,7,1635,1724
210,Liverpool,Sheffield United,2.0,0.0,75.0,25.0,19.0,3.0,7.0,2.0,5.0,1.0,7.0,0.0,8.0,4.0,5.0,8.0,0.0,0.0,5.0,5.0,3.0,6.0,14.0,2.0,5.0,1.0,969.0,327.0,876.0,239.0,53.0,12.0,3.0,3.0,8.0,6.0,37.0,35.0,18.0,10.0,6.0,14.0,9.0,12.0,2,18,2050,1624
94,West Ham,Sheffield United,1.0,1.0,60.0,40.0,12.0,10.0,4.0,4.0,7.0,3.0,1.0,3.0,10.0,4.0,7.0,10.0,0.0,0.0,10.0,7.0,3.0,7.0,9.0,9.0,3.0,1.0,545.0,357.0,436.0,261.0,33.0,24.0,5.0,4.0,10.0,13.0,51.0,55.0,22.0,25.0,12.0,11.0,9.0,14.0,10,18,1733,1624
2,Bournemouth,Sheffield United,1.0,1.0,52.0,48.0,13.0,8.0,3.0,3.0,7.0,4.0,3.0,1.0,3.0,4.0,10.0,19.0,0.0,0.0,17.0,9.0,9.0,8.0,7.0,3.0,6.0,5.0,485.0,428.0,384.0,332.0,20.0,27.0,2.0,4.0,8.0,6.0,56.0,49.0,14.0,21.0,18.0,14.0,13.0,14.0,14,18,1695,1624
329,Burnley,Sheffield United,1.0,1.0,47.0,53.0,9.0,10.0,4.0,3.0,5.0,3.0,0.0,4.0,3.0,9.0,8.0,14.0,0.0,0.0,13.0,8.0,6.0,10.0,5.0,7.0,4.0,3.0,404.0,441.0,294.0,315.0,35.0,30.0,4.0,5.0,5.0,15.0,49.0,67.0,25.0,32.0,9.0,12.0,7.0,9.0,15,18,1686,1624
243,Crystal Palace,Sheffield United,0.0,1.0,61.0,39.0,13.0,10.0,3.0,3.0,5.0,3.0,5.0,4.0,9.0,5.0,9.0,15.0,0.0,0.0,14.0,9.0,8.0,8.0,8.0,6.0,5.0,4.0,515.0,337.0,418.0,240.0,29.0,25.0,4.0,3.0,5.0,11.0,64.0,64.0,31.0,24.0,14.0,20.0,10.0,13.0,12,18,1747,1624
74,Watford,Sheffield United,0.0,0.0,39.0,61.0,8.0,9.0,2.0,3.0,4.0,4.0,2.0,2.0,7.0,7.0,7.0,6.0,0.0,0.0,6.0,7.0,7.0,6.0,5.0,5.0,3.0,4.0,360.0,554.0,252.0,455.0,15.0,54.0,3.0,6.0,10.0,7.0,59.0,53.0,26.0,25.0,17.0,15.0,9.0,9.0,11,18,1689,1624
115,Tottenham,Sheffield United,1.0,1.0,61.0,39.0,17.0,14.0,5.0,4.0,8.0,7.0,4.0,3.0,4.0,4.0,6.0,9.0,0.0,0.0,9.0,6.0,10.0,11.0,7.0,8.0,10.0,6.0,602.0,378.0,507.0,285.0,26.0,27.0,3.0,3.0,13.0,12.0,63.0,59.0,22.0,14.0,19.0,27.0,5.0,10.0,4,18,1895,1624
300,Newcastle United,Sheffield United,3.0,0.0,46.0,54.0,12.0,7.0,8.0,1.0,2.0,3.0,2.0,3.0,2.0,4.0,9.0,10.0,0.0,1.0,10.0,9.0,11.0,3.0,7.0,6.0,5.0,1.0,442.0,509.0,361.0,424.0,29.0,31.0,4.0,6.0,9.0,6.0,50.0,53.0,20.0,22.0,11.0,16.0,6.0,4.0,13,18,1720,1624
306,Manchester United,Sheffield United,3.0,0.0,68.0,32.0,15.0,4.0,6.0,1.0,5.0,1.0,4.0,2.0,10.0,5.0,10.0,6.0,0.0,0.0,6.0,10.0,7.0,6.0,11.0,2.0,4.0,2.0,746.0,334.0,679.0,274.0,37.0,16.0,4.0,3.0,16.0,4.0,45.0,36.0,16.0,7.0,7.0,15.0,8.0,15.0,6,18,1842,1624
222,Arsenal,Sheffield United,1.0,1.0,61.0,39.0,11.0,12.0,4.0,4.0,5.0,6.0,2.0,2.0,4.0,5.0,9.0,13.0,0.0,0.0,9.0,8.0,7.0,11.0,7.0,9.0,4.0,3.0,567.0,353.0,457.0,246.0,20.0,23.0,4.0,9.0,12.0,9.0,55.0,64.0,22.0,28.0,13.0,20.0,12.0,18.0,5,18,1871,1624
282,Aston Villa,Sheffield United,0.0,0.0,45.0,55.0,14.0,5.0,6.0,1.0,5.0,1.0,3.0,3.0,12.0,4.0,11.0,14.0,0.0,0.0,13.0,11.0,4.0,10.0,12.0,3.0,2.0,2.0,382.0,483.0,301.0,384.0,39.0,27.0,12.0,4.0,11.0,5.0,60.0,67.0,28.0,33.0,8.0,18.0,5.0,6.0,18,18,1616,1624
173,Brighton,Sheffield United,0.0,1.0,69.0,31.0,9.0,7.0,2.0,2.0,4.0,5.0,3.0,0.0,4.0,3.0,6.0,11.0,0.0,0.0,9.0,5.0,8.0,13.0,5.0,6.0,4.0,1.0,648.0,293.0,532.0,188.0,27.0,19.0,5.0,3.0,10.0,9.0,56.0,65.0,28.0,29.0,9.0,22.0,5.0,9.0,17,18,1620,1624
53,Everton,Sheffield United,0.0,2.0,69.0,31.0,16.0,2.0,3.0,1.0,6.0,1.0,7.0,0.0,12.0,3.0,9.0,9.0,0.0,0.0,8.0,8.0,5.0,14.0,9.0,2.0,7.0,0.0,520.0,227.0,433.0,144.0,45.0,24.0,7.0,1.0,15.0,5.0,52.0,52.0,19.0,24.0,10.0,15.0,4.0,14.0,8,18,1774,1624
382,Southampton,Sheffield United,3.0,1.0,72.0,28.0,13.0,5.0,4.0,3.0,3.0,0.0,6.0,2.0,9.0,1.0,9.0,16.0,0.0,0.0,15.0,9.0,4.0,8.0,7.0,5.0,6.0,0.0,684.0,260.0,587.0,161.0,22.0,16.0,0.0,3.0,15.0,6.0,56.0,46.0,15.0,19.0,11.0,12.0,7.0,11.0,16,18,1678,1624
200,Manchester City,Sheffield United,2.0,0.0,72.0,28.0,16.0,8.0,4.0,0.0,6.0,6.0,6.0,2.0,8.0,5.0,5.0,6.0,0.0,0.0,6.0,4.0,8.0,8.0,6.0,7.0,10.0,1.0,871.0,314.0,789.0,233.0,31.0,29.0,2.0,4.0,6.0,9.0,34.0,45.0,12.0,17.0,10.0,16.0,3.0,12.0,1,18,2041,1624
31,Chelsea,Sheffield United,2.0,2.0,62.0,38.0,13.0,8.0,5.0,2.0,5.0,5.0,3.0,1.0,3.0,4.0,6.0,11.0,0.0,0.0,11.0,6.0,8.0,5.0,8.0,3.0,5.0,5.0,719.0,429.0,627.0,338.0,38.0,39.0,3.0,2.0,16.0,7.0,62.0,51.0,20.0,23.0,16.0,15.0,14.0,17.0,3,18,1887,1624
137,Wolverhampton,Sheffield United,1.0,1.0,59.0,41.0,13.0,10.0,3.0,4.0,4.0,5.0,6.0,1.0,7.0,2.0,12.0,18.0,0.0,0.0,16.0,12.0,5.0,5.0,8.0,9.0,5.0,1.0,517.0,361.0,422.0,270.0,41.0,30.0,7.0,7.0,16.0,7.0,75.0,63.0,26.0,26.0,17.0,19.0,11.0,17.0,7,18,1724,1624
360,Leicester City,Sheffield United,2.0,0.0,54.0,46.0,15.0,5.0,7.0,1.0,3.0,3.0,5.0,1.0,9.0,5.0,12.0,10.0,0.0,0.0,10.0,11.0,4.0,5.0,11.0,4.0,4.0,1.0,472.0,401.0,374.0,301.0,33.0,32.0,7.0,3.0,7.0,6.0,64.0,62.0,30.0,35.0,18.0,10.0,13.0,11.0,9,18,1743,1624
157,Norwich City,Sheffield United,1.0,2.0,58.0,42.0,14.0,9.0,4.0,3.0,5.0,5.0,5.0,1.0,9.0,1.0,6.0,12.0,0.0,0.0,11.0,6.0,11.0,5.0,8.0,6.0,6.0,3.0,579.0,418.0,453.0,293.0,27.0,33.0,4.0,3.0,12.0,15.0,64.0,71.0,24.0,34.0,17.0,17.0,8.0,13.0,18,18,1635,1624
230,Liverpool,Manchester United,2.0,0.0,53.0,47.0,16.0,9.0,5.0,4.0,6.0,4.0,5.0,1.0,11.0,5.0,7.0,10.0,0.0,0.0,10.0,7.0,8.0,9.0,12.0,4.0,4.0,5.0,509.0,455.0,403.0,360.0,26.0,10.0,5.0,3.0,16.0,9.0,64.0,44.0,16.0,13.0,22.0,16.0,10.0,13.0,2,6,2050,1842
57,West Ham,Manchester United,2.0,0.0,47.0,53.0,8.0,9.0,6.0,3.0,1.0,2.0,1.0,4.0,3.0,7.0,8.0,9.0,0.0,0.0,9.0,8.0,6.0,10.0,3.0,5.0,5.0,4.0,424.0,479.0,332.0,399.0,32.0,20.0,0.0,4.0,4.0,11.0,50.0,45.0,21.0,13.0,16.0,13.0,10.0,5.0,10,6,1733,1842
100,Bournemouth,Manchester United,1.0,0.0,43.0,57.0,13.0,15.0,6.0,4.0,4.0,6.0,3.0,5.0,4.0,10.0,14.0,12.0,0.0,0.0,12.0,13.0,8.0,7.0,9.0,5.0,4.0,10.0,366.0,488.0,262.0,383.0,24.0,22.0,3.0,5.0,5.0,10.0,44.0,47.0,15.0,7.0,13.0,18.0,19.0,12.0,14,6,1695,1842
197,Burnley,Manchester United,0.0,2.0,39.0,61.0,8.0,14.0,1.0,5.0,5.0,3.0,2.0,6.0,5.0,4.0,17.0,10.0,0.0,0.0,8.0,17.0,9.0,9.0,4.0,6.0,4.0,8.0,295.0,501.0,200.0,407.0,29.0,19.0,7.0,1.0,7.0,14.0,49.0,55.0,21.0,20.0,13.0,6.0,6.0,2.0,15,6,1686,1842
361,Crystal Palace,Manchester United,0.0,2.0,41.0,59.0,13.0,17.0,5.0,5.0,4.0,9.0,4.0,3.0,2.0,7.0,10.0,15.0,0.0,0.0,15.0,10.0,11.0,8.0,8.0,12.0,5.0,5.0,428.0,625.0,336.0,546.0,21.0,26.0,3.0,4.0,14.0,17.0,60.0,56.0,5.0,15.0,26.0,14.0,16.0,14.0,12,6,1747,1842
178,Watford,Manchester United,2.0,0.0,36.0,64.0,11.0,17.0,3.0,8.0,3.0,6.0,5.0,3.0,3.0,5.0,16.0,11.0,0.0,0.0,10.0,14.0,12.0,4.0,8.0,10.0,3.0,7.0,313.0,562.0,209.0,473.0,9.0,24.0,4.0,3.0,13.0,17.0,53.0,73.0,11.0,25.0,19.0,18.0,14.0,9.0,11,6,1689,1842
295,Tottenham,Manchester United,1.0,1.0,39.0,61.0,10.0,12.0,3.0,6.0,3.0,4.0,4.0,2.0,7.0,6.0,17.0,18.0,0.0,0.0,18.0,17.0,7.0,8.0,4.0,7.0,6.0,5.0,365.0,586.0,273.0,485.0,23.0,16.0,1.0,4.0,10.0,14.0,56.0,66.0,14.0,19.0,14.0,16.0,12.0,15.0,4,6,1895,1842
79,Newcastle United,Manchester United,1.0,0.0,32.0,68.0,12.0,12.0,2.0,3.0,5.0,5.0,5.0,4.0,4.0,6.0,12.0,10.0,0.0,0.0,9.0,9.0,10.0,8.0,4.0,7.0,8.0,5.0,281.0,594.0,204.0,512.0,29.0,27.0,3.0,5.0,11.0,3.0,53.0,41.0,23.0,18.0,12.0,11.0,14.0,8.0,13,6,1720,1842
209,Arsenal,Manchester United,2.0,0.0,49.0,51.0,10.0,10.0,4.0,4.0,5.0,3.0,1.0,3.0,1.0,4.0,11.0,15.0,0.0,0.0,15.0,11.0,8.0,6.0,8.0,5.0,2.0,5.0,513.0,542.0,435.0,462.0,43.0,11.0,5.0,2.0,13.0,19.0,54.0,51.0,7.0,9.0,19.0,12.0,15.0,10.0,5,6,1871,1842
343,Aston Villa,Manchester United,0.0,3.0,33.0,67.0,9.0,14.0,1.0,6.0,5.0,6.0,3.0,2.0,3.0,5.0,7.0,13.0,0.0,0.0,13.0,7.0,9.0,9.0,4.0,10.0,5.0,4.0,310.0,637.0,236.0,567.0,26.0,42.0,5.0,2.0,7.0,9.0,35.0,40.0,8.0,13.0,9.0,11.0,15.0,12.0,18,6,1616,1842
317,Brighton,Manchester United,0.0,3.0,38.0,62.0,8.0,12.0,2.0,6.0,5.0,4.0,1.0,2.0,4.0,5.0,10.0,9.0,0.0,0.0,9.0,9.0,6.0,9.0,5.0,7.0,3.0,5.0,375.0,629.0,305.0,555.0,17.0,32.0,3.0,3.0,7.0,8.0,35.0,38.0,6.0,5.0,13.0,16.0,10.0,5.0,17,6,1620,1842
279,Everton,Manchester United,1.0,1.0,44.0,56.0,16.0,14.0,5.0,5.0,6.0,5.0,5.0,4.0,13.0,8.0,11.0,11.0,0.0,0.0,9.0,10.0,7.0,6.0,12.0,5.0,4.0,9.0,327.0,431.0,241.0,332.0,33.0,13.0,6.0,2.0,12.0,13.0,51.0,54.0,16.0,15.0,14.0,16.0,11.0,7.0,8,6,1774,1842
30,Southampton,Manchester United,1.0,1.0,41.0,59.0,10.0,21.0,2.0,8.0,5.0,9.0,3.0,4.0,2.0,3.0,17.0,7.0,1.0,0.0,6.0,15.0,10.0,10.0,5.0,13.0,5.0,8.0,375.0,537.0,276.0,427.0,22.0,21.0,3.0,4.0,6.0,10.0,55.0,70.0,18.0,27.0,25.0,19.0,19.0,7.0,16,6,1678,1842
154,Manchester City,Manchester United,1.0,2.0,72.0,28.0,22.0,11.0,5.0,7.0,6.0,2.0,11.0,2.0,16.0,3.0,10.0,10.0,0.0,0.0,9.0,10.0,4.0,14.0,17.0,9.0,5.0,2.0,658.0,265.0,587.0,199.0,24.0,10.0,8.0,1.0,13.0,8.0,48.0,48.0,12.0,11.0,14.0,19.0,14.0,11.0,1,6,2041,1842
128,Sheffield United,Manchester United,3.0,3.0,41.0,59.0,12.0,11.0,8.0,5.0,1.0,4.0,3.0,2.0,6.0,3.0,13.0,10.0,0.0,0.0,9.0,13.0,5.0,7.0,5.0,7.0,7.0,4.0,383.0,587.0,277.0,476.0,22.0,25.0,4.0,2.0,8.0,9.0,52.0,55.0,22.0,23.0,13.0,10.0,16.0,9.0,18,6,1624,1842
260,Chelsea,Manchester United,0.0,2.0,61.0,39.0,17.0,9.0,1.0,3.0,6.0,4.0,10.0,2.0,9.0,8.0,11.0,11.0,0.0,0.0,11.0,9.0,6.0,7.0,11.0,7.0,6.0,2.0,606.0,382.0,528.0,304.0,31.0,19.0,2.0,4.0,10.0,10.0,54.0,45.0,15.0,16.0,18.0,12.0,7.0,15.0,3,6,1887,1842
379,Leicester City,Manchester United,0.0,2.0,46.0,54.0,14.0,7.0,3.0,3.0,7.0,3.0,4.0,1.0,3.0,3.0,12.0,11.0,1.0,0.0,11.0,11.0,7.0,10.0,9.0,7.0,5.0,0.0,425.0,518.0,344.0,426.0,29.0,28.0,7.0,1.0,9.0,8.0,54.0,50.0,11.0,12.0,23.0,21.0,16.0,9.0,9,6,1743,1842
99,Norwich City,Manchester United,1.0,3.0,46.0,54.0,10.0,21.0,3.0,11.0,5.0,7.0,2.0,3.0,1.0,10.0,13.0,10.0,0.0,0.0,10.0,12.0,8.0,5.0,6.0,13.0,4.0,8.0,417.0,480.0,330.0,406.0,17.0,37.0,0.0,4.0,13.0,19.0,53.0,61.0,4.0,6.0,26.0,24.0,8.0,6.0,18,6,1635,1842
244,Liverpool,Southampton,4.0,0.0,62.0,38.0,16.0,17.0,9.0,4.0,3.0,7.0,4.0,6.0,6.0,11.0,9.0,15.0,0.0,0.0,13.0,7.0,13.0,4.0,11.0,11.0,5.0,6.0,530.0,321.0,403.0,205.0,30.0,22.0,0.0,6.0,8.0,10.0,50.0,52.0,16.0,17.0,14.0,18.0,11.0,6.0,2,16,2050,1678
277,West Ham,Southampton,3.0,1.0,34.0,66.0,14.0,10.0,7.0,2.0,5.0,3.0,2.0,5.0,4.0,9.0,8.0,11.0,0.0,0.0,7.0,7.0,6.0,9.0,10.0,7.0,4.0,3.0,257.0,521.0,152.0,390.0,18.0,25.0,5.0,7.0,9.0,13.0,66.0,64.0,34.0,28.0,16.0,17.0,10.0,13.0,10,16,1733,1678
365,Bournemouth,Southampton,0.0,2.0,43.0,57.0,11.0,16.0,3.0,8.0,4.0,3.0,4.0,5.0,12.0,6.0,12.0,11.0,0.0,0.0,11.0,11.0,4.0,7.0,7.0,11.0,4.0,5.0,288.0,407.0,174.0,281.0,29.0,31.0,6.0,4.0,3.0,10.0,68.0,84.0,37.0,41.0,17.0,22.0,11.0,10.0,14,16,1695,1678
3,Burnley,Southampton,3.0,0.0,46.0,54.0,10.0,11.0,4.0,3.0,4.0,5.0,2.0,3.0,2.0,7.0,6.0,12.0,0.0,0.0,11.0,6.0,6.0,11.0,8.0,5.0,2.0,6.0,332.0,393.0,183.0,249.0,22.0,32.0,6.0,5.0,14.0,6.0,68.0,41.0,23.0,22.0,21.0,7.0,14.0,10.0,15,16,1686,1678
233,Crystal Palace,Southampton,0.0,2.0,44.0,56.0,6.0,15.0,0.0,6.0,5.0,6.0,1.0,3.0,0.0,8.0,12.0,13.0,0.0,0.0,13.0,12.0,10.0,8.0,6.0,6.0,0.0,9.0,365.0,451.0,231.0,317.0,31.0,33.0,1.0,5.0,16.0,14.0,79.0,75.0,31.0,28.0,20.0,22.0,21.0,11.0,12,16,1747,1678
315,Watford,Southampton,1.0,3.0,48.0,52.0,8.0,11.0,0.0,7.0,2.0,3.0,6.0,1.0,5.0,3.0,18.0,9.0,0.0,0.0,9.0,18.0,5.0,5.0,3.0,6.0,5.0,5.0,396.0,460.0,271.0,334.0,31.0,21.0,2.0,0.0,10.0,9.0,60.0,85.0,28.0,38.0,13.0,20.0,14.0,11.0,11,16,1689,1678
65,Tottenham,Southampton,2.0,1.0,41.0,59.0,9.0,14.0,4.0,6.0,3.0,6.0,2.0,2.0,6.0,6.0,5.0,16.0,1.0,0.0,16.0,5.0,8.0,6.0,6.0,8.0,3.0,6.0,369.0,518.0,290.0,447.0,25.0,25.0,1.0,5.0,11.0,6.0,68.0,52.0,18.0,17.0,23.0,24.0,11.0,11.0,4,16,1895,1678
156,Newcastle United,Southampton,2.0,1.0,45.0,55.0,12.0,19.0,6.0,4.0,0.0,10.0,6.0,5.0,3.0,12.0,11.0,17.0,0.0,0.0,17.0,11.0,11.0,5.0,7.0,12.0,5.0,7.0,344.0,410.0,233.0,297.0,32.0,29.0,3.0,5.0,21.0,9.0,91.0,77.0,37.0,33.0,16.0,24.0,18.0,7.0,13,16,1720,1678
353,Manchester United,Southampton,2.0,2.0,48.0,52.0,8.0,9.0,4.0,5.0,3.0,2.0,1.0,2.0,4.0,6.0,14.0,15.0,0.0,0.0,14.0,14.0,5.0,8.0,4.0,7.0,4.0,2.0,463.0,510.0,368.0,412.0,38.0,24.0,2.0,2.0,15.0,9.0,57.0,47.0,15.0,14.0,13.0,10.0,10.0,12.0,6,16,1842,1678
121,Arsenal,Southampton,2.0,2.0,61.0,39.0,12.0,21.0,5.0,6.0,3.0,11.0,4.0,4.0,6.0,8.0,13.0,19.0,0.0,0.0,19.0,12.0,14.0,3.0,12.0,11.0,0.0,10.0,487.0,316.0,404.0,235.0,17.0,19.0,12.0,2.0,20.0,13.0,79.0,52.0,15.0,9.0,25.0,18.0,15.0,16.0,5,16,1871,1678
171,Aston Villa,Southampton,1.0,3.0,56.0,44.0,19.0,17.0,6.0,8.0,7.0,5.0,6.0,4.0,7.0,5.0,16.0,15.0,0.0,0.0,15.0,15.0,4.0,8.0,9.0,11.0,10.0,6.0,432.0,341.0,335.0,234.0,23.0,26.0,10.0,4.0,13.0,6.0,71.0,54.0,35.0,17.0,9.0,16.0,14.0,3.0,18,16,1616,1678
22,Brighton,Southampton,0.0,2.0,51.0,49.0,12.0,12.0,3.0,4.0,6.0,5.0,3.0,3.0,8.0,5.0,9.0,10.0,1.0,0.0,10.0,9.0,5.0,10.0,9.0,6.0,3.0,6.0,394.0,395.0,296.0,297.0,23.0,17.0,5.0,4.0,11.0,11.0,61.0,53.0,24.0,15.0,16.0,19.0,15.0,4.0,17,16,1620,1678
342,Everton,Southampton,1.0,1.0,39.0,61.0,11.0,16.0,4.0,4.0,4.0,6.0,3.0,6.0,3.0,5.0,13.0,14.0,0.0,0.0,14.0,13.0,8.0,7.0,5.0,11.0,6.0,5.0,330.0,518.0,241.0,420.0,24.0,31.0,4.0,7.0,10.0,11.0,56.0,57.0,21.0,20.0,12.0,13.0,12.0,13.0,8,16,1774,1678
104,Manchester City,Southampton,2.0,1.0,75.0,25.0,26.0,3.0,4.0,3.0,9.0,0.0,13.0,0.0,17.0,0.0,11.0,10.0,0.0,0.0,9.0,9.0,2.0,13.0,19.0,1.0,7.0,2.0,639.0,225.0,562.0,139.0,46.0,16.0,13.0,1.0,24.0,15.0,60.0,67.0,18.0,24.0,9.0,20.0,3.0,11.0,1,16,2041,1678
43,Sheffield United,Southampton,0.0,1.0,48.0,52.0,17.0,11.0,4.0,7.0,8.0,3.0,5.0,1.0,12.0,6.0,10.0,7.0,1.0,0.0,6.0,10.0,6.0,10.0,13.0,8.0,4.0,3.0,414.0,467.0,308.0,363.0,27.0,19.0,5.0,3.0,16.0,20.0,59.0,67.0,16.0,20.0,21.0,18.0,10.0,9.0,18,16,1624,1678
184,Chelsea,Southampton,0.0,2.0,66.0,34.0,10.0,5.0,3.0,3.0,5.0,0.0,2.0,2.0,8.0,1.0,10.0,9.0,0.0,0.0,9.0,9.0,6.0,7.0,6.0,4.0,4.0,1.0,688.0,362.0,556.0,228.0,24.0,17.0,5.0,1.0,16.0,11.0,80.0,79.0,34.0,27.0,21.0,32.0,11.0,9.0,3,16,1887,1678
86,Wolverhampton,Southampton,1.0,1.0,57.0,43.0,4.0,14.0,1.0,5.0,3.0,5.0,0.0,4.0,1.0,3.0,10.0,17.0,0.0,0.0,14.0,9.0,10.0,5.0,2.0,12.0,2.0,2.0,511.0,385.0,399.0,288.0,26.0,12.0,0.0,3.0,13.0,9.0,62.0,45.0,24.0,19.0,11.0,9.0,10.0,13.0,7,16,1724,1678
215,Leicester City,Southampton,1.0,2.0,58.0,42.0,5.0,16.0,5.0,10.0,0.0,5.0,0.0,1.0,2.0,4.0,9.0,17.0,0.0,0.0,17.0,8.0,6.0,6.0,4.0,10.0,1.0,6.0,455.0,318.0,331.0,181.0,17.0,17.0,3.0,5.0,9.0,9.0,66.0,67.0,21.0,28.0,20.0,23.0,10.0,13.0,9,16,1743,1678
294,Norwich City,Southampton,0.0,3.0,55.0,45.0,9.0,22.0,1.0,9.0,3.0,6.0,5.0,7.0,9.0,7.0,9.0,15.0,0.0,0.0,15.0,7.0,10.0,5.0,5.0,14.0,4.0,8.0,406.0,333.0,289.0,230.0,23.0,19.0,2.0,4.0,10.0,18.0,56.0,72.0,13.0,23.0,19.0,24.0,5.0,17.0,18,16,1635,1678
271,Liverpool,West Ham,3.0,2.0,69.0,31.0,25.0,7.0,7.0,4.0,10.0,2.0,8.0,1.0,16.0,8.0,4.0,10.0,0.0,0.0,9.0,4.0,2.0,17.0,18.0,6.0,7.0,1.0,626.0,269.0,530.0,177.0,18.0,21.0,12.0,7.0,16.0,20.0,71.0,68.0,23.0,25.0,23.0,19.0,8.0,14.0,2,10,2050,1733
62,Bournemouth,West Ham,2.0,2.0,49.0,51.0,13.0,17.0,5.0,6.0,4.0,4.0,4.0,7.0,6.0,6.0,7.0,8.0,0.0,0.0,8.0,7.0,4.0,4.0,11.0,11.0,2.0,6.0,456.0,478.0,349.0,369.0,31.0,31.0,6.0,3.0,11.0,6.0,51.0,61.0,24.0,25.0,8.0,23.0,12.0,12.0,14,10,1695,1733
112,Burnley,West Ham,3.0,0.0,40.0,60.0,14.0,7.0,12.0,4.0,1.0,2.0,1.0,1.0,11.0,4.0,17.0,10.0,0.0,0.0,10.0,16.0,5.0,6.0,9.0,3.0,5.0,4.0,299.0,459.0,208.0,348.0,30.0,27.0,8.0,0.0,14.0,4.0,65.0,57.0,35.0,26.0,7.0,14.0,8.0,12.0,15,10,1686,1733
185,Crystal Palace,West Ham,2.0,1.0,58.0,42.0,13.0,10.0,4.0,2.0,8.0,5.0,1.0,3.0,7.0,6.0,5.0,10.0,0.0,0.0,10.0,5.0,8.0,9.0,11.0,7.0,2.0,3.0,557.0,390.0,464.0,288.0,20.0,31.0,5.0,7.0,24.0,16.0,65.0,78.0,16.0,27.0,16.0,30.0,13.0,20.0,12,10,1747,1733
25,Watford,West Ham,1.0,3.0,54.0,46.0,23.0,16.0,3.0,10.0,10.0,4.0,10.0,2.0,8.0,7.0,12.0,11.0,0.0,0.0,11.0,12.0,5.0,11.0,19.0,13.0,4.0,3.0,465.0,386.0,390.0,306.0,20.0,28.0,6.0,6.0,8.0,10.0,53.0,56.0,16.0,17.0,17.0,17.0,11.0,11.0,11,10,1689,1733
305,Tottenham,West Ham,2.0,0.0,65.0,35.0,15.0,10.0,4.0,2.0,11.0,7.0,0.0,1.0,9.0,4.0,12.0,7.0,0.0,0.0,7.0,12.0,8.0,15.0,8.0,6.0,7.0,4.0,662.0,361.0,571.0,266.0,21.0,39.0,4.0,5.0,13.0,9.0,51.0,63.0,22.0,23.0,9.0,21.0,8.0,12.0,4,10,1895,1733
330,Newcastle United,West Ham,2.0,2.0,57.0,43.0,11.0,17.0,4.0,7.0,5.0,6.0,2.0,4.0,6.0,4.0,9.0,11.0,0.0,0.0,11.0,9.0,4.0,7.0,5.0,13.0,6.0,4.0,516.0,379.0,423.0,291.0,21.0,26.0,2.0,7.0,12.0,3.0,65.0,59.0,20.0,29.0,22.0,18.0,1.0,9.0,13,10,1720,1733
372,Manchester United,West Ham,1.0,1.0,57.0,43.0,11.0,12.0,4.0,3.0,5.0,6.0,2.0,3.0,2.0,3.0,10.0,9.0,0.0,0.0,9.0,8.0,11.0,9.0,6.0,7.0,5.0,5.0,609.0,441.0,527.0,349.0,29.0,33.0,2.0,4.0,9.0,10.0,36.0,51.0,11.0,13.0,9.0,20.0,8.0,14.0,6,10,1842,1733
285,Arsenal,West Ham,1.0,0.0,69.0,31.0,9.0,14.0,2.0,6.0,3.0,6.0,4.0,2.0,6.0,7.0,11.0,9.0,0.0,0.0,8.0,11.0,9.0,8.0,6.0,7.0,3.0,7.0,621.0,264.0,530.0,181.0,39.0,24.0,2.0,7.0,12.0,4.0,56.0,49.0,22.0,24.0,13.0,11.0,10.0,15.0,5,10,1871,1733
49,Aston Villa,West Ham,0.0,0.0,46.0,54.0,10.0,13.0,5.0,1.0,4.0,5.0,1.0,7.0,2.0,4.0,13.0,12.0,0.0,1.0,12.0,13.0,8.0,8.0,5.0,6.0,5.0,7.0,408.0,470.0,329.0,391.0,17.0,36.0,4.0,5.0,11.0,9.0,58.0,60.0,16.0,17.0,19.0,21.0,12.0,8.0,18,10,1616,1733
12,Brighton,West Ham,1.0,1.0,57.0,43.0,16.0,8.0,4.0,3.0,9.0,4.0,3.0,1.0,8.0,6.0,11.0,10.0,0.0,0.0,10.0,11.0,7.0,14.0,12.0,4.0,4.0,4.0,497.0,377.0,395.0,276.0,34.0,19.0,11.0,1.0,6.0,19.0,67.0,66.0,31.0,14.0,20.0,22.0,12.0,15.0,17,10,1620,1733
80,Everton,West Ham,2.0,0.0,51.0,49.0,19.0,8.0,10.0,4.0,5.0,3.0,4.0,1.0,11.0,2.0,15.0,15.0,0.0,0.0,14.0,15.0,7.0,7.0,12.0,5.0,7.0,3.0,390.0,384.0,290.0,264.0,34.0,20.0,5.0,3.0,9.0,12.0,71.0,62.0,25.0,22.0,24.0,13.0,12.0,8.0,8,10,1774,1733
165,Southampton,West Ham,0.0,1.0,57.0,43.0,11.0,11.0,2.0,4.0,9.0,3.0,0.0,4.0,5.0,8.0,9.0,14.0,0.0,0.0,12.0,9.0,4.0,12.0,7.0,9.0,4.0,2.0,474.0,359.0,342.0,218.0,28.0,33.0,9.0,7.0,8.0,12.0,68.0,69.0,34.0,31.0,15.0,17.0,10.0,12.0,16,10,1678,1733
261,Manchester City,West Ham,2.0,0.0,77.0,23.0,20.0,3.0,7.0,0.0,5.0,2.0,8.0,1.0,6.0,1.0,5.0,7.0,0.0,0.0,6.0,5.0,5.0,9.0,13.0,2.0,7.0,1.0,896.0,254.0,822.0,178.0,36.0,12.0,3.0,2.0,18.0,8.0,43.0,38.0,8.0,11.0,11.0,15.0,7.0,14.0,1,10,2041,1733
211,Sheffield United,West Ham,1.0,0.0,47.0,53.0,13.0,7.0,3.0,2.0,6.0,5.0,4.0,0.0,7.0,3.0,11.0,6.0,0.0,0.0,5.0,11.0,5.0,14.0,9.0,5.0,4.0,2.0,437.0,504.0,306.0,369.0,32.0,22.0,6.0,5.0,9.0,18.0,73.0,82.0,40.0,37.0,19.0,16.0,8.0,14.0,18,10,1624,1733
132,Chelsea,West Ham,0.0,1.0,65.0,35.0,19.0,5.0,6.0,4.0,8.0,1.0,5.0,0.0,9.0,3.0,0.0,16.0,0.0,0.0,15.0,0.0,5.0,11.0,14.0,5.0,5.0,0.0,671.0,354.0,589.0,248.0,23.0,29.0,7.0,5.0,27.0,11.0,70.0,62.0,21.0,25.0,7.0,26.0,19.0,15.0,3,10,1887,1733
146,Wolverhampton,West Ham,2.0,0.0,49.0,51.0,13.0,6.0,7.0,3.0,6.0,2.0,0.0,1.0,5.0,4.0,8.0,9.0,0.0,0.0,8.0,7.0,5.0,6.0,12.0,4.0,1.0,2.0,479.0,496.0,390.0,404.0,39.0,25.0,7.0,2.0,16.0,17.0,63.0,63.0,28.0,16.0,12.0,23.0,17.0,13.0,7,10,1724,1733
237,Leicester City,West Ham,4.0,1.0,67.0,33.0,19.0,6.0,8.0,2.0,4.0,3.0,7.0,1.0,7.0,8.0,10.0,19.0,0.0,0.0,18.0,9.0,3.0,8.0,13.0,6.0,6.0,0.0,569.0,273.0,491.0,185.0,34.0,22.0,4.0,3.0,10.0,7.0,69.0,46.0,25.0,21.0,17.0,9.0,9.0,10.0,9,10,1743,1733
344,Norwich City,West Ham,0.0,4.0,53.0,47.0,11.0,19.0,2.0,7.0,6.0,11.0,3.0,1.0,1.0,6.0,9.0,8.0,0.0,0.0,6.0,8.0,12.0,10.0,5.0,15.0,6.0,4.0,542.0,478.0,471.0,398.0,27.0,35.0,2.0,9.0,2.0,13.0,34.0,49.0,11.0,16.0,16.0,12.0,16.0,9.0,18,10,1635,1733
284,Liverpool,Bournemouth,2.0,1.0,75.0,25.0,14.0,6.0,6.0,4.0,4.0,0.0,4.0,2.0,9.0,4.0,10.0,12.0,0.0,0.0,12.0,7.0,4.0,8.0,8.0,5.0,6.0,1.0,729.0,246.0,621.0,149.0,31.0,17.0,4.0,3.0,14.0,6.0,51.0,41.0,19.0,19.0,7.0,9.0,11.0,13.0,2,14,2050,1695
208,West Ham,Bournemouth,4.0,0.0,43.0,57.0,14.0,3.0,7.0,2.0,5.0,1.0,2.0,0.0,9.0,2.0,3.0,12.0,0.0,0.0,11.0,3.0,2.0,8.0,10.0,3.0,4.0,0.0,444.0,618.0,352.0,539.0,22.0,19.0,6.0,1.0,10.0,13.0,62.0,58.0,18.0,22.0,23.0,20.0,9.0,6.0,10,14,1733,1695
263,Burnley,Bournemouth,3.0,0.0,42.0,58.0,16.0,12.0,10.0,4.0,2.0,4.0,4.0,4.0,7.0,3.0,9.0,9.0,0.0,0.0,6.0,8.0,7.0,5.0,7.0,8.0,9.0,4.0,306.0,430.0,206.0,339.0,22.0,15.0,2.0,7.0,7.0,8.0,53.0,49.0,18.0,21.0,22.0,12.0,9.0,6.0,15,14,1686,1695
140,Crystal Palace,Bournemouth,1.0,0.0,30.0,70.0,7.0,6.0,2.0,3.0,3.0,2.0,2.0,1.0,6.0,9.0,6.0,15.0,1.0,0.0,14.0,6.0,12.0,6.0,4.0,4.0,3.0,2.0,258.0,575.0,190.0,499.0,18.0,25.0,1.0,3.0,11.0,13.0,58.0,71.0,18.0,26.0,16.0,26.0,12.0,8.0,12,14,1747,1695
93,Watford,Bournemouth,0.0,0.0,40.0,60.0,7.0,15.0,3.0,5.0,3.0,3.0,1.0,7.0,5.0,10.0,14.0,8.0,0.0,0.0,6.0,14.0,4.0,7.0,3.0,6.0,4.0,9.0,337.0,501.0,253.0,417.0,27.0,25.0,1.0,4.0,9.0,10.0,47.0,55.0,12.0,15.0,20.0,16.0,12.0,15.0,11,14,1689,1695
134,Tottenham,Bournemouth,3.0,2.0,52.0,48.0,14.0,20.0,5.0,6.0,7.0,8.0,2.0,6.0,4.0,8.0,10.0,12.0,0.0,0.0,12.0,9.0,10.0,8.0,11.0,12.0,3.0,8.0,515.0,455.0,415.0,358.0,28.0,24.0,3.0,4.0,17.0,14.0,78.0,44.0,30.0,14.0,19.0,8.0,15.0,15.0,4,14,1895,1695
113,Newcastle United,Bournemouth,2.0,1.0,33.0,67.0,21.0,16.0,9.0,4.0,5.0,7.0,7.0,5.0,5.0,4.0,10.0,5.0,0.0,0.0,5.0,10.0,7.0,5.0,12.0,9.0,9.0,7.0,279.0,559.0,195.0,469.0,30.0,24.0,3.0,4.0,9.0,9.0,55.0,52.0,23.0,19.0,18.0,14.0,8.0,8.0,13,14,1720,1695
326,Manchester United,Bournemouth,5.0,2.0,69.0,31.0,19.0,7.0,10.0,3.0,4.0,3.0,5.0,1.0,8.0,3.0,3.0,12.0,0.0,0.0,11.0,2.0,5.0,7.0,9.0,5.0,10.0,2.0,648.0,283.0,575.0,214.0,23.0,18.0,5.0,2.0,11.0,6.0,53.0,30.0,15.0,12.0,16.0,10.0,13.0,11.0,6,14,1842,1695
76,Arsenal,Bournemouth,1.0,0.0,52.0,48.0,12.0,10.0,2.0,2.0,6.0,7.0,4.0,1.0,14.0,5.0,12.0,6.0,0.0,0.0,6.0,12.0,11.0,10.0,9.0,5.0,3.0,5.0,443.0,403.0,334.0,310.0,31.0,22.0,2.0,3.0,12.0,14.0,55.0,66.0,14.0,26.0,23.0,14.0,8.0,19.0,5,14,1871,1695
11,Aston Villa,Bournemouth,1.0,2.0,62.0,38.0,21.0,12.0,7.0,4.0,9.0,4.0,5.0,4.0,10.0,5.0,10.0,13.0,0.0,0.0,13.0,10.0,6.0,11.0,11.0,8.0,10.0,4.0,490.0,295.0,402.0,208.0,31.0,21.0,10.0,4.0,9.0,3.0,57.0,49.0,28.0,22.0,7.0,15.0,9.0,11.0,18,14,1616,1695
191,Brighton,Bournemouth,2.0,0.0,55.0,45.0,16.0,10.0,6.0,2.0,6.0,3.0,4.0,5.0,9.0,2.0,9.0,11.0,0.0,0.0,10.0,9.0,9.0,9.0,7.0,6.0,9.0,4.0,496.0,413.0,411.0,317.0,29.0,15.0,2.0,1.0,11.0,6.0,67.0,54.0,24.0,22.0,23.0,18.0,15.0,13.0,17,14,1620,1695
378,Everton,Bournemouth,1.0,3.0,70.0,30.0,13.0,13.0,5.0,7.0,5.0,2.0,3.0,4.0,2.0,5.0,11.0,9.0,0.0,0.0,9.0,10.0,5.0,3.0,11.0,8.0,2.0,5.0,687.0,282.0,589.0,189.0,36.0,20.0,10.0,9.0,14.0,7.0,70.0,57.0,21.0,22.0,26.0,18.0,6.0,13.0,8,14,1774,1695
50,Southampton,Bournemouth,1.0,3.0,64.0,36.0,25.0,6.0,6.0,3.0,11.0,1.0,8.0,2.0,4.0,5.0,8.0,9.0,0.0,0.0,8.0,8.0,6.0,16.0,13.0,3.0,12.0,3.0,554.0,300.0,429.0,178.0,26.0,23.0,6.0,1.0,8.0,12.0,68.0,54.0,22.0,26.0,30.0,8.0,9.0,15.0,16,14,1678,1695
356,Manchester City,Bournemouth,2.0,1.0,73.0,27.0,8.0,15.0,4.0,3.0,4.0,6.0,0.0,6.0,3.0,5.0,10.0,10.0,0.0,0.0,8.0,8.0,10.0,7.0,6.0,13.0,2.0,2.0,756.0,275.0,669.0,179.0,25.0,19.0,2.0,4.0,12.0,9.0,56.0,53.0,21.0,28.0,15.0,9.0,8.0,12.0,1,14,2041,1695
253,Sheffield United,Bournemouth,2.0,1.0,54.0,46.0,16.0,10.0,6.0,2.0,4.0,7.0,6.0,1.0,8.0,4.0,10.0,8.0,0.0,0.0,8.0,10.0,9.0,8.0,14.0,8.0,2.0,2.0,449.0,391.0,320.0,283.0,41.0,21.0,9.0,3.0,13.0,5.0,78.0,53.0,41.0,28.0,17.0,10.0,7.0,7.0,18,14,1624,1695
162,Chelsea,Bournemouth,0.0,1.0,67.0,33.0,18.0,11.0,5.0,2.0,5.0,1.0,8.0,8.0,9.0,4.0,9.0,14.0,0.0,0.0,14.0,9.0,6.0,6.0,15.0,11.0,3.0,0.0,590.0,293.0,487.0,192.0,28.0,16.0,11.0,2.0,5.0,9.0,65.0,50.0,31.0,25.0,15.0,7.0,15.0,19.0,3,14,1887,1695
309,Wolverhampton,Bournemouth,1.0,0.0,55.0,45.0,10.0,4.0,2.0,0.0,7.0,2.0,1.0,2.0,6.0,4.0,11.0,11.0,0.0,0.0,10.0,10.0,1.0,9.0,5.0,1.0,5.0,3.0,425.0,347.0,353.0,264.0,34.0,22.0,4.0,2.0,8.0,12.0,50.0,60.0,18.0,21.0,14.0,17.0,10.0,6.0,7,14,1724,1695
33,Leicester City,Bournemouth,3.0,1.0,55.0,45.0,15.0,8.0,6.0,2.0,5.0,2.0,4.0,4.0,4.0,5.0,9.0,11.0,0.0,0.0,10.0,9.0,6.0,7.0,7.0,3.0,8.0,5.0,541.0,432.0,435.0,334.0,24.0,19.0,1.0,2.0,8.0,15.0,55.0,59.0,15.0,21.0,22.0,14.0,14.0,22.0,9,14,1743,1695
225,Norwich City,Bournemouth,1.0,0.0,66.0,34.0,16.0,6.0,5.0,3.0,5.0,1.0,6.0,2.0,4.0,5.0,10.0,10.0,1.0,1.0,9.0,8.0,4.0,12.0,7.0,5.0,9.0,1.0,635.0,316.0,535.0,214.0,30.0,29.0,2.0,5.0,13.0,4.0,57.0,59.0,22.0,28.0,13.0,19.0,11.0,18.0,18,14,1635,1695
310,Liverpool,Crystal Palace,4.0,0.0,74.0,26.0,21.0,3.0,7.0,0.0,10.0,3.0,4.0,0.0,6.0,0.0,7.0,5.0,0.0,0.0,5.0,7.0,4.0,16.0,14.0,0.0,7.0,3.0,872.0,313.0,778.0,222.0,53.0,21.0,5.0,0.0,6.0,11.0,43.0,50.0,15.0,11.0,18.0,21.0,16.0,16.0,2,12,2050,1747
75,West Ham,Crystal Palace,1.0,2.0,51.0,49.0,9.0,7.0,4.0,4.0,4.0,1.0,1.0,2.0,2.0,2.0,11.0,7.0,0.0,0.0,7.0,9.0,6.0,3.0,8.0,5.0,1.0,2.0,519.0,489.0,426.0,395.0,28.0,29.0,5.0,3.0,6.0,13.0,59.0,52.0,27.0,20.0,19.0,10.0,9.0,9.0,10,12,1733,1747
299,Bournemouth,Crystal Palace,0.0,2.0,59.0,41.0,12.0,7.0,1.0,2.0,7.0,4.0,4.0,1.0,11.0,4.0,13.0,15.0,0.0,0.0,15.0,12.0,5.0,10.0,6.0,5.0,6.0,2.0,494.0,350.0,412.0,268.0,20.0,26.0,5.0,1.0,13.0,9.0,65.0,69.0,19.0,23.0,18.0,26.0,7.0,13.0,14,12,1695,1747
131,Burnley,Crystal Palace,0.0,2.0,43.0,57.0,15.0,7.0,4.0,2.0,8.0,4.0,3.0,1.0,5.0,6.0,13.0,9.0,0.0,0.0,8.0,13.0,7.0,8.0,12.0,6.0,3.0,1.0,347.0,464.0,229.0,348.0,27.0,21.0,7.0,2.0,9.0,11.0,70.0,68.0,33.0,32.0,20.0,15.0,16.0,12.0,15,12,1686,1747
153,Watford,Crystal Palace,0.0,0.0,50.0,50.0,13.0,3.0,3.0,0.0,4.0,2.0,6.0,1.0,6.0,2.0,15.0,16.0,0.0,0.0,16.0,15.0,8.0,7.0,8.0,3.0,5.0,0.0,384.0,391.0,280.0,288.0,40.0,19.0,6.0,0.0,12.0,12.0,69.0,61.0,28.0,22.0,14.0,14.0,11.0,7.0,11,12,1689,1747
44,Tottenham,Crystal Palace,4.0,0.0,64.0,36.0,13.0,11.0,5.0,6.0,7.0,2.0,1.0,3.0,4.0,3.0,19.0,11.0,0.0,0.0,11.0,19.0,0.0,12.0,7.0,9.0,6.0,2.0,640.0,357.0,563.0,276.0,29.0,22.0,4.0,4.0,9.0,8.0,51.0,56.0,20.0,15.0,11.0,15.0,14.0,18.0,4,12,1895,1747
174,Newcastle United,Crystal Palace,1.0,0.0,42.0,58.0,8.0,16.0,3.0,4.0,2.0,7.0,3.0,5.0,4.0,5.0,12.0,11.0,0.0,0.0,11.0,12.0,10.0,8.0,4.0,9.0,4.0,7.0,365.0,503.0,282.0,420.0,32.0,36.0,3.0,4.0,8.0,16.0,62.0,68.0,19.0,23.0,25.0,18.0,12.0,4.0,13,12,1720,1747
23,Manchester United,Crystal Palace,1.0,2.0,71.0,29.0,22.0,5.0,3.0,3.0,13.0,1.0,6.0,1.0,8.0,1.0,8.0,18.0,0.0,0.0,18.0,7.0,5.0,20.0,14.0,5.0,8.0,0.0,562.0,231.0,481.0,141.0,31.0,21.0,9.0,1.0,7.0,9.0,57.0,56.0,23.0,15.0,9.0,25.0,6.0,16.0,6,12,1842,1747
97,Arsenal,Crystal Palace,2.0,2.0,56.0,44.0,15.0,10.0,6.0,4.0,8.0,2.0,1.0,4.0,12.0,5.0,18.0,9.0,0.0,0.0,8.0,18.0,4.0,12.0,10.0,8.0,5.0,2.0,444.0,345.0,362.0,267.0,23.0,34.0,8.0,7.0,8.0,8.0,54.0,65.0,17.0,25.0,21.0,14.0,6.0,9.0,5,12,1871,1747
350,Aston Villa,Crystal Palace,2.0,0.0,45.0,55.0,12.0,9.0,9.0,5.0,1.0,3.0,2.0,1.0,5.0,1.0,21.0,21.0,0.0,1.0,20.0,19.0,9.0,4.0,6.0,9.0,6.0,0.0,314.0,386.0,231.0,306.0,34.0,20.0,4.0,5.0,8.0,18.0,59.0,72.0,19.0,21.0,12.0,15.0,13.0,9.0,18,12,1616,1747
273,Brighton,Crystal Palace,0.0,1.0,67.0,33.0,23.0,12.0,8.0,3.0,9.0,6.0,6.0,3.0,8.0,7.0,8.0,9.0,0.0,0.0,9.0,8.0,3.0,10.0,13.0,11.0,10.0,1.0,538.0,273.0,444.0,187.0,34.0,14.0,8.0,5.0,12.0,5.0,77.0,54.0,31.0,18.0,26.0,23.0,10.0,9.0,17,12,1620,1747
251,Everton,Crystal Palace,3.0,1.0,47.0,53.0,14.0,10.0,8.0,2.0,4.0,6.0,2.0,2.0,4.0,6.0,11.0,12.0,0.0,0.0,10.0,11.0,9.0,6.0,11.0,8.0,3.0,2.0,358.0,420.0,263.0,323.0,27.0,19.0,5.0,3.0,12.0,13.0,72.0,63.0,30.0,25.0,20.0,15.0,12.0,9.0,8,12,1774,1747
193,Southampton,Crystal Palace,1.0,1.0,59.0,41.0,14.0,5.0,5.0,2.0,4.0,3.0,5.0,0.0,12.0,4.0,13.0,7.0,0.0,0.0,7.0,13.0,4.0,6.0,10.0,2.0,4.0,3.0,471.0,334.0,380.0,243.0,22.0,16.0,7.0,3.0,18.0,16.0,69.0,73.0,24.0,28.0,20.0,16.0,14.0,12.0,16,12,1678,1747
224,Manchester City,Crystal Palace,2.0,2.0,73.0,27.0,25.0,5.0,6.0,3.0,10.0,1.0,9.0,1.0,14.0,2.0,9.0,7.0,0.0,0.0,6.0,9.0,5.0,14.0,16.0,4.0,9.0,1.0,666.0,270.0,595.0,174.0,28.0,23.0,19.0,2.0,15.0,14.0,55.0,64.0,21.0,24.0,13.0,18.0,9.0,8.0,1,12,2041,1747
17,Sheffield United,Crystal Palace,1.0,0.0,42.0,58.0,15.0,6.0,3.0,4.0,6.0,0.0,6.0,2.0,8.0,4.0,16.0,11.0,0.0,0.0,10.0,16.0,2.0,9.0,10.0,2.0,5.0,4.0,354.0,498.0,274.0,392.0,35.0,21.0,5.0,2.0,9.0,10.0,62.0,74.0,23.0,27.0,20.0,21.0,14.0,13.0,18,12,1624,1747
111,Chelsea,Crystal Palace,2.0,0.0,60.0,40.0,23.0,3.0,5.0,1.0,10.0,1.0,8.0,1.0,7.0,0.0,9.0,17.0,0.0,0.0,17.0,9.0,7.0,13.0,11.0,1.0,12.0,2.0,572.0,377.0,498.0,290.0,31.0,24.0,5.0,1.0,13.0,12.0,68.0,56.0,19.0,16.0,19.0,19.0,10.0,11.0,3,12,1887,1747
369,Wolverhampton,Crystal Palace,2.0,0.0,53.0,47.0,11.0,7.0,5.0,3.0,3.0,1.0,3.0,3.0,5.0,2.0,11.0,15.0,0.0,0.0,14.0,11.0,4.0,8.0,9.0,4.0,2.0,3.0,465.0,404.0,380.0,314.0,49.0,19.0,3.0,4.0,16.0,8.0,68.0,49.0,22.0,18.0,18.0,13.0,9.0,12.0,7,12,1724,1747
325,Leicester City,Crystal Palace,3.0,0.0,52.0,48.0,15.0,7.0,4.0,1.0,6.0,5.0,5.0,1.0,3.0,7.0,18.0,8.0,0.0,0.0,7.0,18.0,5.0,7.0,11.0,5.0,4.0,2.0,506.0,450.0,427.0,358.0,31.0,28.0,4.0,5.0,6.0,14.0,63.0,74.0,22.0,24.0,29.0,18.0,14.0,7.0,9,12,1743,1747
207,Norwich City,Crystal Palace,1.0,1.0,41.0,59.0,15.0,12.0,4.0,3.0,8.0,4.0,3.0,5.0,2.0,5.0,12.0,9.0,0.0,0.0,9.0,12.0,5.0,7.0,11.0,7.0,4.0,5.0,362.0,521.0,292.0,422.0,30.0,31.0,4.0,3.0,9.0,9.0,63.0,54.0,15.0,17.0,30.0,16.0,17.0,11.0,18,12,1635,1747
331,Liverpool,Aston Villa,2.0,0.0,71.0,29.0,6.0,9.0,4.0,3.0,1.0,4.0,1.0,2.0,7.0,5.0,18.0,8.0,0.0,0.0,8.0,18.0,4.0,5.0,3.0,6.0,3.0,3.0,672.0,263.0,566.0,175.0,38.0,25.0,3.0,3.0,10.0,9.0,35.0,49.0,10.0,15.0,7.0,8.0,5.0,17.0,2,18,2050,1616
383,West Ham,Aston Villa,1.0,1.0,63.0,37.0,10.0,13.0,1.0,4.0,6.0,6.0,3.0,3.0,0.0,7.0,16.0,13.0,0.0,0.0,13.0,16.0,6.0,8.0,3.0,9.0,7.0,4.0,480.0,277.0,391.0,186.0,25.0,22.0,3.0,3.0,5.0,3.0,55.0,46.0,22.0,15.0,15.0,13.0,6.0,10.0,10,18,1733,1616
242,Bournemouth,Aston Villa,2.0,1.0,40.0,60.0,16.0,18.0,6.0,5.0,5.0,9.0,5.0,4.0,1.0,8.0,10.0,15.0,1.0,0.0,13.0,10.0,14.0,6.0,8.0,15.0,8.0,3.0,303.0,456.0,188.0,347.0,25.0,30.0,4.0,7.0,7.0,10.0,63.0,51.0,31.0,27.0,12.0,5.0,21.0,9.0,14,18,1695,1616
202,Burnley,Aston Villa,1.0,2.0,62.0,38.0,20.0,11.0,1.0,6.0,13.0,3.0,6.0,2.0,8.0,4.0,12.0,10.0,0.0,0.0,9.0,12.0,4.0,13.0,13.0,9.0,7.0,2.0,506.0,327.0,405.0,223.0,37.0,32.0,12.0,3.0,3.0,5.0,53.0,60.0,34.0,32.0,7.0,13.0,5.0,3.0,15,18,1686,1616
32,Crystal Palace,Aston Villa,1.0,0.0,52.0,48.0,22.0,10.0,5.0,2.0,10.0,3.0,7.0,5.0,13.0,2.0,15.0,16.0,0.0,1.0,15.0,15.0,4.0,11.0,14.0,3.0,8.0,7.0,407.0,379.0,343.0,315.0,21.0,22.0,10.0,3.0,5.0,11.0,50.0,57.0,13.0,13.0,18.0,19.0,7.0,15.0,12,18,1747,1616
194,Watford,Aston Villa,3.0,0.0,48.0,52.0,20.0,11.0,6.0,2.0,5.0,3.0,9.0,6.0,6.0,3.0,16.0,9.0,1.0,0.0,9.0,15.0,3.0,6.0,12.0,5.0,8.0,6.0,417.0,433.0,331.0,352.0,30.0,24.0,5.0,6.0,7.0,10.0,44.0,57.0,14.0,22.0,14.0,11.0,9.0,11.0,11,18,1689,1616
6,Tottenham,Aston Villa,3.0,1.0,70.0,30.0,31.0,7.0,7.0,4.0,14.0,2.0,10.0,1.0,14.0,0.0,13.0,9.0,0.0,0.0,9.0,13.0,2.0,13.0,17.0,4.0,14.0,3.0,587.0,256.0,526.0,200.0,30.0,21.0,6.0,2.0,11.0,4.0,47.0,58.0,10.0,12.0,17.0,29.0,5.0,9.0,4,18,1895,1616
307,Newcastle United,Aston Villa,1.0,1.0,52.0,48.0,13.0,14.0,3.0,2.0,4.0,7.0,6.0,5.0,6.0,9.0,15.0,13.0,0.0,0.0,13.0,14.0,11.0,6.0,4.0,7.0,9.0,7.0,416.0,369.0,320.0,285.0,41.0,16.0,3.0,7.0,13.0,5.0,54.0,52.0,22.0,29.0,6.0,5.0,5.0,12.0,13,18,1720,1616
139,Manchester United,Aston Villa,2.0,2.0,62.0,38.0,16.0,9.0,6.0,3.0,7.0,4.0,3.0,2.0,9.0,9.0,16.0,8.0,0.0,0.0,7.0,16.0,7.0,10.0,10.0,7.0,6.0,2.0,525.0,309.0,452.0,221.0,21.0,22.0,3.0,3.0,8.0,10.0,36.0,55.0,15.0,8.0,6.0,22.0,10.0,10.0,6,18,1842,1616
58,Arsenal,Aston Villa,3.0,2.0,58.0,42.0,21.0,14.0,6.0,9.0,10.0,3.0,5.0,2.0,9.0,4.0,13.0,15.0,1.0,0.0,14.0,13.0,8.0,12.0,14.0,8.0,7.0,6.0,465.0,326.0,396.0,265.0,31.0,24.0,5.0,3.0,13.0,15.0,47.0,53.0,9.0,5.0,12.0,20.0,8.0,12.0,5,18,1871,1616
223,Brighton,Aston Villa,1.0,1.0,55.0,45.0,10.0,8.0,2.0,3.0,3.0,5.0,5.0,0.0,3.0,4.0,11.0,13.0,0.0,0.0,13.0,11.0,9.0,6.0,8.0,7.0,2.0,1.0,500.0,397.0,391.0,295.0,28.0,25.0,4.0,4.0,11.0,12.0,62.0,59.0,18.0,16.0,20.0,20.0,16.0,14.0,17,18,1620,1616
359,Everton,Aston Villa,1.0,1.0,55.0,45.0,9.0,15.0,1.0,1.0,6.0,7.0,2.0,7.0,5.0,5.0,15.0,13.0,0.0,0.0,13.0,15.0,9.0,16.0,5.0,7.0,4.0,8.0,443.0,362.0,381.0,288.0,30.0,45.0,7.0,6.0,11.0,8.0,56.0,53.0,23.0,21.0,10.0,9.0,14.0,7.0,8,18,1774,1616
266,Southampton,Aston Villa,2.0,0.0,46.0,54.0,28.0,4.0,9.0,1.0,11.0,0.0,8.0,3.0,9.0,6.0,13.0,17.0,0.0,0.0,17.0,13.0,4.0,11.0,13.0,3.0,15.0,1.0,341.0,398.0,234.0,295.0,31.0,27.0,4.0,2.0,14.0,8.0,79.0,57.0,32.0,23.0,17.0,13.0,12.0,10.0,16,18,1678,1616
91,Manchester City,Aston Villa,3.0,0.0,63.0,37.0,26.0,11.0,10.0,5.0,8.0,2.0,8.0,4.0,13.0,7.0,10.0,5.0,1.0,0.0,5.0,10.0,4.0,12.0,22.0,8.0,4.0,3.0,597.0,341.0,524.0,273.0,30.0,23.0,10.0,3.0,15.0,10.0,50.0,39.0,17.0,9.0,13.0,10.0,9.0,13.0,1,18,2041,1616
164,Sheffield United,Aston Villa,2.0,0.0,57.0,43.0,7.0,8.0,3.0,0.0,2.0,7.0,2.0,1.0,3.0,2.0,10.0,9.0,0.0,0.0,7.0,8.0,8.0,11.0,7.0,5.0,0.0,3.0,512.0,396.0,394.0,272.0,51.0,34.0,5.0,4.0,7.0,3.0,58.0,58.0,32.0,36.0,12.0,11.0,11.0,13.0,18,18,1624,1616
142,Chelsea,Aston Villa,2.0,1.0,64.0,36.0,25.0,9.0,9.0,3.0,6.0,1.0,10.0,5.0,9.0,5.0,18.0,10.0,0.0,0.0,9.0,18.0,4.0,8.0,16.0,8.0,9.0,1.0,649.0,349.0,564.0,280.0,12.0,25.0,6.0,5.0,16.0,10.0,54.0,70.0,16.0,20.0,13.0,22.0,6.0,20.0,3,18,1887,1616
118,Wolverhampton,Aston Villa,2.0,1.0,50.0,50.0,17.0,13.0,5.0,4.0,7.0,5.0,5.0,4.0,6.0,3.0,17.0,8.0,0.0,0.0,5.0,15.0,6.0,10.0,12.0,5.0,5.0,8.0,385.0,375.0,309.0,299.0,40.0,23.0,4.0,4.0,21.0,17.0,59.0,65.0,19.0,13.0,14.0,20.0,11.0,9.0,7,18,1724,1616
293,Leicester City,Aston Villa,4.0,0.0,65.0,35.0,15.0,4.0,7.0,1.0,7.0,3.0,1.0,0.0,9.0,0.0,15.0,12.0,0.0,0.0,11.0,15.0,5.0,10.0,12.0,2.0,3.0,2.0,543.0,301.0,447.0,209.0,43.0,22.0,7.0,1.0,9.0,5.0,62.0,58.0,18.0,15.0,24.0,23.0,8.0,10.0,9,18,1743,1616
73,Norwich City,Aston Villa,1.0,5.0,57.0,43.0,21.0,22.0,5.0,12.0,8.0,7.0,8.0,3.0,10.0,6.0,14.0,17.0,0.0,0.0,17.0,13.0,9.0,10.0,15.0,12.0,6.0,10.0,472.0,345.0,383.0,268.0,16.0,39.0,1.0,3.0,17.0,4.0,64.0,47.0,10.0,14.0,20.0,16.0,7.0,11.0,18,18,1635,1616
346,Liverpool,Burnley,1.0,1.0,71.0,29.0,23.0,6.0,9.0,2.0,5.0,2.0,9.0,2.0,11.0,6.0,7.0,4.0,0.0,0.0,4.0,6.0,4.0,15.0,16.0,5.0,7.0,1.0,659.0,265.0,564.0,158.0,37.0,21.0,3.0,0.0,12.0,4.0,42.0,36.0,16.0,15.0,10.0,11.0,6.0,14.0,2,15,2050,1686
339,West Ham,Burnley,0.0,1.0,53.0,47.0,21.0,8.0,5.0,4.0,7.0,3.0,9.0,1.0,10.0,3.0,7.0,7.0,0.0,0.0,7.0,7.0,5.0,10.0,15.0,8.0,6.0,0.0,427.0,395.0,320.0,303.0,29.0,18.0,8.0,6.0,13.0,8.0,72.0,64.0,34.0,32.0,19.0,17.0,7.0,9.0,10,15,1733,1686
172,Bournemouth,Burnley,0.0,1.0,64.0,36.0,3.0,2.0,0.0,1.0,3.0,0.0,0.0,1.0,4.0,5.0,13.0,21.0,0.0,0.0,20.0,13.0,3.0,10.0,1.0,1.0,2.0,1.0,437.0,230.0,338.0,134.0,23.0,22.0,3.0,2.0,5.0,0.0,63.0,48.0,24.0,24.0,15.0,13.0,6.0,7.0,14,15,1695,1686
316,Crystal Palace,Burnley,0.0,1.0,58.0,42.0,17.0,8.0,4.0,4.0,6.0,3.0,7.0,1.0,9.0,1.0,12.0,13.0,0.0,0.0,13.0,12.0,4.0,8.0,10.0,7.0,7.0,1.0,479.0,354.0,389.0,272.0,26.0,24.0,6.0,1.0,7.0,9.0,45.0,56.0,13.0,19.0,13.0,16.0,7.0,9.0,12,15,1747,1686
126,Watford,Burnley,0.0,3.0,61.0,39.0,15.0,11.0,4.0,5.0,4.0,3.0,7.0,3.0,7.0,5.0,14.0,13.0,0.0,0.0,13.0,14.0,3.0,9.0,8.0,7.0,7.0,4.0,396.0,248.0,302.0,158.0,24.0,22.0,6.0,3.0,6.0,8.0,60.0,51.0,31.0,23.0,11.0,6.0,1.0,12.0,11,15,1689,1686
152,Tottenham,Burnley,5.0,0.0,49.0,51.0,13.0,7.0,7.0,1.0,3.0,5.0,3.0,1.0,1.0,1.0,12.0,8.0,0.0,0.0,7.0,12.0,7.0,5.0,8.0,5.0,5.0,2.0,476.0,479.0,368.0,366.0,26.0,31.0,2.0,5.0,16.0,11.0,65.0,64.0,25.0,27.0,19.0,15.0,15.0,7.0,4,15,1895,1686
276,Newcastle United,Burnley,0.0,0.0,54.0,46.0,21.0,7.0,4.0,0.0,6.0,4.0,11.0,3.0,11.0,7.0,11.0,9.0,0.0,0.0,9.0,10.0,6.0,7.0,12.0,5.0,9.0,2.0,376.0,323.0,254.0,212.0,21.0,22.0,6.0,3.0,5.0,7.0,54.0,64.0,22.0,34.0,19.0,14.0,7.0,7.0,13,15,1720,1686
239,Manchester United,Burnley,0.0,2.0,72.0,28.0,24.0,5.0,7.0,2.0,10.0,2.0,7.0,1.0,5.0,2.0,11.0,7.0,0.0,0.0,7.0,11.0,2.0,11.0,11.0,4.0,13.0,1.0,692.0,261.0,592.0,154.0,25.0,23.0,4.0,2.0,10.0,1.0,61.0,48.0,34.0,25.0,10.0,13.0,7.0,15.0,6,15,1842,1686
10,Arsenal,Burnley,2.0,1.0,67.0,33.0,15.0,18.0,9.0,5.0,3.0,9.0,3.0,4.0,10.0,7.0,13.0,11.0,0.0,0.0,9.0,11.0,13.0,6.0,8.0,13.0,7.0,5.0,529.0,234.0,443.0,151.0,24.0,19.0,5.0,11.0,14.0,4.0,55.0,51.0,21.0,20.0,12.0,16.0,9.0,6.0,5,15,1871,1686
61,Aston Villa,Burnley,2.0,2.0,60.0,40.0,16.0,10.0,3.0,3.0,7.0,4.0,6.0,3.0,7.0,3.0,10.0,16.0,0.0,0.0,16.0,10.0,9.0,13.0,6.0,8.0,10.0,2.0,416.0,281.0,324.0,177.0,16.0,18.0,3.0,6.0,8.0,4.0,56.0,47.0,19.0,21.0,14.0,13.0,9.0,9.0,18,15,1616,1686
41,Brighton,Burnley,1.0,1.0,62.0,38.0,14.0,7.0,5.0,1.0,7.0,6.0,2.0,0.0,3.0,6.0,13.0,7.0,0.0,0.0,7.0,13.0,8.0,12.0,11.0,5.0,3.0,2.0,491.0,284.0,372.0,178.0,23.0,20.0,1.0,2.0,6.0,5.0,60.0,59.0,27.0,25.0,21.0,17.0,12.0,11.0,17,15,1620,1686
186,Everton,Burnley,1.0,0.0,67.0,33.0,21.0,6.0,5.0,0.0,8.0,6.0,8.0,0.0,10.0,2.0,15.0,14.0,0.0,0.0,14.0,14.0,5.0,8.0,10.0,3.0,11.0,3.0,521.0,255.0,426.0,144.0,32.0,23.0,10.0,5.0,12.0,2.0,61.0,71.0,32.0,36.0,5.0,20.0,7.0,9.0,8,15,1774,1686
256,Southampton,Burnley,1.0,2.0,64.0,36.0,10.0,9.0,2.0,6.0,5.0,3.0,3.0,0.0,4.0,3.0,8.0,11.0,0.0,0.0,11.0,6.0,7.0,5.0,6.0,6.0,4.0,3.0,518.0,297.0,386.0,180.0,28.0,26.0,6.0,3.0,11.0,9.0,59.0,55.0,26.0,23.0,11.0,18.0,7.0,10.0,16,15,1678,1686
303,Manchester City,Burnley,5.0,0.0,72.0,28.0,19.0,1.0,7.0,0.0,7.0,1.0,5.0,0.0,3.0,1.0,8.0,7.0,0.0,0.0,7.0,7.0,3.0,12.0,11.0,0.0,8.0,1.0,816.0,322.0,746.0,246.0,41.0,26.0,3.0,0.0,9.0,8.0,46.0,37.0,18.0,11.0,12.0,11.0,2.0,9.0,1,15,2041,1686
105,Sheffield United,Burnley,3.0,0.0,45.0,55.0,13.0,6.0,6.0,0.0,5.0,5.0,2.0,1.0,7.0,6.0,8.0,12.0,0.0,0.0,11.0,8.0,7.0,10.0,12.0,5.0,1.0,1.0,384.0,460.0,266.0,342.0,21.0,24.0,5.0,3.0,13.0,2.0,73.0,44.0,33.0,29.0,17.0,5.0,7.0,4.0,18,15,1624,1686
213,Chelsea,Burnley,3.0,0.0,66.0,34.0,18.0,7.0,8.0,3.0,4.0,2.0,6.0,2.0,10.0,3.0,7.0,4.0,0.0,0.0,4.0,7.0,4.0,10.0,13.0,4.0,5.0,3.0,568.0,300.0,478.0,206.0,35.0,17.0,7.0,1.0,6.0,10.0,37.0,49.0,14.0,20.0,13.0,13.0,9.0,9.0,3,15,1887,1686
29,Wolverhampton,Burnley,1.0,1.0,65.0,35.0,17.0,13.0,2.0,4.0,8.0,6.0,7.0,3.0,4.0,3.0,9.0,11.0,0.0,0.0,11.0,9.0,6.0,11.0,9.0,8.0,8.0,5.0,586.0,306.0,470.0,202.0,43.0,25.0,5.0,6.0,8.0,5.0,69.0,50.0,41.0,24.0,9.0,12.0,6.0,11.0,7,15,1724,1686
84,Leicester City,Burnley,2.0,1.0,65.0,35.0,19.0,13.0,3.0,4.0,9.0,3.0,7.0,6.0,9.0,4.0,4.0,10.0,0.0,0.0,10.0,4.0,6.0,10.0,10.0,8.0,9.0,5.0,556.0,303.0,466.0,218.0,22.0,17.0,6.0,4.0,7.0,5.0,61.0,48.0,23.0,24.0,22.0,15.0,11.0,13.0,9,15,1743,1686
364,Norwich City,Burnley,0.0,2.0,42.0,58.0,6.0,23.0,2.0,8.0,2.0,7.0,2.0,8.0,6.0,8.0,9.0,16.0,2.0,0.0,15.0,8.0,16.0,4.0,5.0,14.0,1.0,9.0,354.0,468.0,267.0,404.0,30.0,30.0,3.0,6.0,7.0,4.0,51.0,54.0,26.0,32.0,6.0,13.0,8.0,7.0,18,15,1635,1686
373,Liverpool,Chelsea,5.0,3.0,50.0,50.0,10.0,10.0,7.0,5.0,2.0,5.0,1.0,0.0,6.0,0.0,8.0,11.0,0.0,0.0,9.0,8.0,9.0,5.0,8.0,9.0,2.0,1.0,584.0,575.0,474.0,481.0,29.0,62.0,4.0,3.0,14.0,11.0,57.0,39.0,15.0,11.0,19.0,9.0,5.0,7.0,2,3,2050,1887
321,West Ham,Chelsea,3.0,2.0,29.0,71.0,10.0,17.0,4.0,6.0,2.0,9.0,4.0,2.0,2.0,3.0,10.0,9.0,0.0,0.0,9.0,10.0,8.0,4.0,8.0,11.0,2.0,6.0,273.0,658.0,200.0,583.0,31.0,16.0,3.0,10.0,4.0,11.0,48.0,55.0,20.0,15.0,16.0,19.0,15.0,5.0,10,3,1733,1887
275,Bournemouth,Chelsea,2.0,2.0,27.0,73.0,9.0,23.0,5.0,6.0,3.0,12.0,1.0,5.0,4.0,14.0,8.0,5.0,0.0,0.0,5.0,8.0,9.0,5.0,9.0,14.0,0.0,9.0,301.0,808.0,206.0,707.0,24.0,34.0,5.0,12.0,12.0,11.0,44.0,60.0,19.0,24.0,8.0,18.0,12.0,11.0,14,3,1695,1887
95,Burnley,Chelsea,2.0,4.0,36.0,64.0,13.0,16.0,5.0,7.0,5.0,2.0,3.0,7.0,5.0,6.0,7.0,8.0,0.0,0.0,7.0,7.0,3.0,11.0,10.0,9.0,3.0,7.0,390.0,691.0,286.0,589.0,34.0,33.0,2.0,4.0,11.0,8.0,53.0,44.0,21.0,16.0,16.0,13.0,13.0,11.0,15,3,1686,1887
334,Crystal Palace,Chelsea,2.0,3.0,42.0,58.0,13.0,14.0,4.0,6.0,4.0,6.0,5.0,2.0,7.0,9.0,11.0,10.0,0.0,0.0,9.0,11.0,6.0,5.0,9.0,11.0,4.0,3.0,381.0,538.0,296.0,451.0,31.0,38.0,7.0,6.0,7.0,13.0,66.0,63.0,31.0,18.0,19.0,21.0,14.0,19.0,12,3,1747,1887
107,Watford,Chelsea,1.0,2.0,32.0,68.0,12.0,16.0,3.0,10.0,5.0,2.0,4.0,4.0,1.0,6.0,8.0,5.0,0.0,0.0,5.0,8.0,6.0,8.0,8.0,11.0,4.0,5.0,373.0,793.0,292.0,710.0,20.0,35.0,6.0,4.0,10.0,14.0,42.0,50.0,11.0,12.0,16.0,16.0,8.0,13.0,11,3,1689,1887
179,Tottenham,Chelsea,0.0,2.0,44.0,56.0,5.0,13.0,1.0,3.0,2.0,6.0,2.0,4.0,3.0,5.0,9.0,11.0,1.0,0.0,11.0,8.0,7.0,4.0,3.0,8.0,2.0,5.0,455.0,571.0,356.0,467.0,23.0,38.0,2.0,4.0,12.0,14.0,59.0,55.0,17.0,17.0,19.0,16.0,12.0,13.0,4,3,1895,1887
228,Newcastle United,Chelsea,1.0,0.0,30.0,70.0,7.0,19.0,2.0,4.0,5.0,7.0,0.0,8.0,1.0,10.0,9.0,14.0,0.0,0.0,13.0,9.0,11.0,5.0,4.0,8.0,3.0,11.0,286.0,655.0,192.0,557.0,30.0,19.0,5.0,8.0,9.0,7.0,63.0,51.0,29.0,21.0,13.0,15.0,11.0,18.0,13,3,1720,1887
9,Manchester United,Chelsea,4.0,0.0,46.0,54.0,11.0,18.0,5.0,7.0,2.0,7.0,4.0,4.0,3.0,5.0,15.0,13.0,0.0,0.0,12.0,15.0,7.0,2.0,7.0,9.0,4.0,9.0,449.0,523.0,363.0,442.0,28.0,15.0,4.0,4.0,14.0,13.0,55.0,58.0,13.0,9.0,16.0,21.0,12.0,15.0,6,3,1842,1887
198,Arsenal,Chelsea,1.0,2.0,42.0,58.0,7.0,13.0,2.0,4.0,5.0,6.0,0.0,3.0,2.0,3.0,13.0,19.0,0.0,0.0,18.0,13.0,8.0,6.0,6.0,10.0,1.0,3.0,427.0,577.0,337.0,482.0,16.0,31.0,3.0,5.0,10.0,15.0,60.0,60.0,17.0,15.0,16.0,17.0,12.0,16.0,5,3,1871,1887
301,Aston Villa,Chelsea,1.0,2.0,26.0,74.0,8.0,19.0,4.0,5.0,3.0,7.0,1.0,7.0,2.0,10.0,9.0,17.0,0.0,0.0,17.0,9.0,14.0,4.0,6.0,8.0,2.0,11.0,246.0,692.0,158.0,593.0,21.0,40.0,3.0,7.0,2.0,5.0,52.0,47.0,26.0,26.0,8.0,7.0,17.0,8.0,18,3,1616,1887
201,Brighton,Chelsea,1.0,1.0,48.0,52.0,16.0,16.0,5.0,5.0,4.0,4.0,7.0,7.0,5.0,3.0,8.0,15.0,0.0,0.0,15.0,8.0,8.0,7.0,11.0,12.0,5.0,4.0,484.0,537.0,377.0,436.0,32.0,33.0,4.0,5.0,6.0,11.0,64.0,62.0,26.0,19.0,20.0,25.0,8.0,19.0,17,3,1620,1887
150,Everton,Chelsea,3.0,1.0,30.0,70.0,13.0,15.0,7.0,4.0,3.0,7.0,3.0,4.0,1.0,5.0,14.0,9.0,0.0,0.0,8.0,14.0,13.0,6.0,10.0,11.0,3.0,4.0,255.0,594.0,160.0,505.0,24.0,27.0,5.0,10.0,5.0,24.0,74.0,77.0,26.0,26.0,36.0,14.0,10.0,10.0,8,3,1774,1887
78,Southampton,Chelsea,1.0,4.0,43.0,57.0,10.0,13.0,3.0,7.0,6.0,4.0,1.0,2.0,3.0,4.0,8.0,15.0,0.0,0.0,15.0,7.0,5.0,7.0,6.0,7.0,4.0,6.0,400.0,528.0,275.0,395.0,17.0,24.0,1.0,2.0,11.0,3.0,64.0,51.0,17.0,22.0,23.0,19.0,9.0,14.0,16,3,1678,1887
127,Manchester City,Chelsea,2.0,1.0,46.0,54.0,15.0,11.0,4.0,2.0,7.0,6.0,4.0,3.0,8.0,2.0,5.0,9.0,0.0,0.0,9.0,5.0,10.0,11.0,7.0,8.0,8.0,3.0,558.0,644.0,477.0,574.0,29.0,19.0,3.0,3.0,10.0,16.0,46.0,43.0,12.0,7.0,15.0,15.0,10.0,17.0,1,3,2041,1887
347,Sheffield United,Chelsea,3.0,0.0,24.0,76.0,9.0,15.0,4.0,4.0,3.0,7.0,2.0,4.0,4.0,6.0,8.0,6.0,0.0,0.0,5.0,8.0,8.0,7.0,9.0,10.0,0.0,5.0,251.0,809.0,159.0,712.0,17.0,38.0,5.0,8.0,9.0,6.0,56.0,50.0,35.0,28.0,7.0,8.0,11.0,14.0,18,3,1624,1887
45,Wolverhampton,Chelsea,2.0,5.0,45.0,55.0,11.0,15.0,4.0,6.0,4.0,7.0,3.0,2.0,7.0,5.0,8.0,11.0,0.0,0.0,10.0,8.0,10.0,7.0,8.0,14.0,3.0,1.0,449.0,555.0,350.0,472.0,22.0,27.0,5.0,4.0,13.0,15.0,57.0,65.0,17.0,22.0,17.0,20.0,14.0,17.0,7,3,1724,1887
241,Leicester City,Chelsea,2.0,2.0,50.0,50.0,14.0,7.0,4.0,3.0,5.0,1.0,5.0,3.0,4.0,6.0,16.0,14.0,0.0,0.0,14.0,14.0,6.0,7.0,8.0,6.0,6.0,1.0,478.0,485.0,369.0,379.0,26.0,30.0,5.0,5.0,7.0,16.0,63.0,62.0,17.0,17.0,25.0,15.0,9.0,9.0,9,3,1743,1887
21,Norwich City,Chelsea,2.0,3.0,46.0,54.0,6.0,23.0,5.0,8.0,1.0,5.0,0.0,10.0,1.0,8.0,9.0,9.0,0.0,0.0,7.0,8.0,10.0,3.0,5.0,12.0,1.0,11.0,481.0,543.0,391.0,457.0,14.0,22.0,2.0,5.0,5.0,21.0,39.0,72.0,12.0,17.0,16.0,26.0,11.0,11.0,18,3,1635,1887
180,West Ham,Liverpool,0.0,2.0,29.0,71.0,7.0,13.0,4.0,5.0,3.0,5.0,0.0,3.0,3.0,7.0,6.0,6.0,0.0,0.0,6.0,6.0,4.0,6.0,5.0,7.0,2.0,6.0,331.0,828.0,238.0,735.0,20.0,26.0,6.0,5.0,12.0,10.0,51.0,46.0,16.0,14.0,17.0,17.0,9.0,8.0,10,2,1733,2050
151,Bournemouth,Liverpool,0.0,3.0,26.0,74.0,3.0,21.0,0.0,9.0,1.0,7.0,2.0,5.0,1.0,3.0,5.0,6.0,0.0,0.0,6.0,5.0,10.0,4.0,3.0,17.0,0.0,4.0,305.0,852.0,198.0,759.0,15.0,43.0,1.0,3.0,6.0,12.0,39.0,41.0,15.0,14.0,12.0,10.0,16.0,8.0,14,2,1695,2050
37,Burnley,Liverpool,0.0,3.0,36.0,64.0,7.0,15.0,2.0,7.0,4.0,2.0,1.0,6.0,6.0,4.0,10.0,16.0,0.0,0.0,15.0,10.0,5.0,8.0,4.0,7.0,3.0,8.0,318.0,568.0,193.0,442.0,26.0,30.0,2.0,2.0,6.0,10.0,56.0,54.0,21.0,24.0,14.0,11.0,11.0,9.0,15,2,1686,2050
124,Crystal Palace,Liverpool,1.0,2.0,40.0,60.0,16.0,12.0,6.0,4.0,7.0,4.0,3.0,4.0,9.0,8.0,8.0,7.0,0.0,0.0,7.0,8.0,7.0,9.0,8.0,9.0,8.0,3.0,330.0,510.0,246.0,416.0,25.0,25.0,8.0,5.0,9.0,3.0,51.0,59.0,21.0,24.0,14.0,24.0,8.0,6.0,12,2,1747,2050
278,Watford,Liverpool,3.0,0.0,29.0,71.0,14.0,7.0,5.0,1.0,7.0,4.0,2.0,2.0,3.0,5.0,4.0,8.0,0.0,0.0,8.0,3.0,14.0,8.0,10.0,3.0,4.0,4.0,299.0,732.0,198.0,620.0,23.0,24.0,3.0,1.0,6.0,9.0,47.0,37.0,20.0,17.0,13.0,8.0,17.0,5.0,11,2,1689,2050
218,Tottenham,Liverpool,0.0,1.0,33.0,67.0,14.0,13.0,4.0,7.0,8.0,5.0,2.0,1.0,4.0,3.0,4.0,8.0,0.0,0.0,8.0,4.0,7.0,8.0,9.0,12.0,5.0,1.0,381.0,786.0,298.0,683.0,11.0,19.0,5.0,4.0,15.0,20.0,45.0,59.0,9.0,15.0,13.0,20.0,13.0,6.0,4,2,1895,2050
381,Newcastle United,Liverpool,1.0,3.0,25.0,75.0,3.0,14.0,2.0,6.0,1.0,5.0,0.0,3.0,2.0,4.0,11.0,5.0,0.0,0.0,5.0,9.0,8.0,2.0,1.0,7.0,2.0,7.0,267.0,792.0,175.0,705.0,25.0,36.0,0.0,4.0,3.0,13.0,46.0,51.0,15.0,17.0,23.0,12.0,8.0,8.0,13,2,1720,2050
88,Manchester United,Liverpool,1.0,1.0,32.0,68.0,7.0,10.0,2.0,4.0,4.0,4.0,1.0,2.0,3.0,1.0,6.0,14.0,0.0,0.0,13.0,6.0,8.0,4.0,3.0,6.0,4.0,4.0,299.0,652.0,199.0,547.0,16.0,22.0,2.0,5.0,8.0,5.0,41.0,54.0,10.0,26.0,10.0,18.0,11.0,10.0,6,2,1842,2050
358,Arsenal,Liverpool,2.0,1.0,31.0,69.0,3.0,24.0,2.0,8.0,1.0,7.0,0.0,9.0,2.0,13.0,14.0,10.0,0.0,0.0,9.0,12.0,15.0,3.0,3.0,17.0,0.0,7.0,286.0,614.0,183.0,522.0,20.0,46.0,0.0,9.0,7.0,11.0,54.0,53.0,17.0,19.0,21.0,12.0,8.0,10.0,5,2,1871,2050
102,Aston Villa,Liverpool,1.0,2.0,26.0,74.0,4.0,25.0,2.0,6.0,1.0,10.0,1.0,9.0,2.0,10.0,12.0,9.0,0.0,0.0,8.0,11.0,18.0,3.0,3.0,18.0,1.0,7.0,226.0,634.0,132.0,533.0,23.0,30.0,2.0,9.0,5.0,4.0,52.0,54.0,19.0,22.0,20.0,17.0,13.0,8.0,18,2,1616,2050
340,Brighton,Liverpool,1.0,3.0,44.0,56.0,12.0,20.0,2.0,8.0,7.0,5.0,3.0,7.0,6.0,10.0,7.0,15.0,0.0,0.0,15.0,7.0,8.0,8.0,10.0,17.0,2.0,3.0,381.0,477.0,300.0,395.0,29.0,39.0,4.0,6.0,9.0,9.0,48.0,41.0,13.0,15.0,12.0,11.0,10.0,11.0,17,2,1620,2050
302,Everton,Liverpool,0.0,0.0,30.0,70.0,8.0,10.0,3.0,3.0,3.0,4.0,2.0,3.0,1.0,6.0,15.0,12.0,0.0,0.0,11.0,12.0,12.0,6.0,7.0,5.0,1.0,5.0,256.0,594.0,172.0,505.0,22.0,34.0,2.0,4.0,7.0,7.0,59.0,62.0,22.0,29.0,20.0,16.0,11.0,10.0,8,2,1774,2050
15,Southampton,Liverpool,1.0,2.0,36.0,64.0,14.0,15.0,3.0,6.0,7.0,6.0,4.0,3.0,5.0,9.0,10.0,6.0,0.0,0.0,4.0,9.0,8.0,11.0,9.0,9.0,5.0,6.0,296.0,530.0,192.0,414.0,25.0,33.0,5.0,2.0,10.0,10.0,44.0,45.0,15.0,19.0,15.0,7.0,10.0,10.0,16,2,1678,2050
323,Manchester City,Liverpool,4.0,0.0,47.0,53.0,14.0,11.0,6.0,3.0,6.0,2.0,2.0,6.0,3.0,3.0,8.0,7.0,0.0,0.0,7.0,7.0,6.0,5.0,10.0,9.0,4.0,2.0,490.0,551.0,412.0,475.0,35.0,33.0,4.0,3.0,9.0,5.0,36.0,36.0,10.0,11.0,10.0,13.0,8.0,15.0,1,2,2041,2050
60,Sheffield United,Liverpool,0.0,1.0,29.0,71.0,12.0,16.0,2.0,4.0,6.0,9.0,4.0,3.0,6.0,5.0,8.0,4.0,0.0,0.0,4.0,8.0,12.0,9.0,11.0,8.0,1.0,8.0,291.0,708.0,192.0,609.0,24.0,43.0,7.0,2.0,8.0,7.0,43.0,52.0,20.0,26.0,11.0,11.0,12.0,6.0,18,2,1624,2050
59,Chelsea,Liverpool,1.0,2.0,55.0,45.0,13.0,6.0,2.0,3.0,8.0,2.0,3.0,1.0,6.0,4.0,8.0,13.0,0.0,0.0,13.0,7.0,5.0,11.0,7.0,4.0,6.0,2.0,492.0,415.0,394.0,303.0,43.0,29.0,6.0,4.0,7.0,8.0,55.0,44.0,20.0,18.0,15.0,11.0,15.0,12.0,3,2,1887,2050
240,Wolverhampton,Liverpool,1.0,2.0,46.0,54.0,10.0,13.0,3.0,6.0,5.0,1.0,2.0,6.0,2.0,4.0,6.0,11.0,0.0,0.0,11.0,4.0,8.0,5.0,8.0,10.0,2.0,3.0,505.0,594.0,412.0,495.0,47.0,28.0,7.0,7.0,19.0,13.0,60.0,39.0,19.0,11.0,11.0,11.0,11.0,11.0,7,2,1724,2050
189,Leicester City,Liverpool,0.0,4.0,41.0,59.0,3.0,15.0,0.0,6.0,2.0,7.0,1.0,2.0,2.0,8.0,5.0,7.0,0.0,0.0,7.0,4.0,9.0,3.0,1.0,12.0,2.0,3.0,421.0,590.0,345.0,506.0,25.0,41.0,0.0,11.0,11.0,18.0,45.0,45.0,12.0,13.0,16.0,10.0,11.0,8.0,9,2,1743,2050
257,Norwich City,Liverpool,0.0,1.0,37.0,63.0,5.0,17.0,1.0,6.0,3.0,7.0,1.0,4.0,2.0,7.0,5.0,11.0,0.0,0.0,11.0,5.0,8.0,5.0,3.0,11.0,2.0,6.0,373.0,624.0,268.0,524.0,22.0,34.0,2.0,4.0,6.0,5.0,43.0,38.0,11.0,13.0,17.0,16.0,23.0,5.0,18,2,1635,2050
